file,line,type,commit,author,date,time,timezone,datetime,depth,length
style.css,1,css,9fc5cea1,Jesse Huang,2025-01-09,14:22:45,-08:00,2025-01-09T14:22:45-08:00,0,25
style.css,2,css,9fc5cea1,Jesse Huang,2025-01-09,14:22:45,-08:00,2025-01-09T14:22:45-08:00,0,44
style.css,3,css,9fc5cea1,Jesse Huang,2025-01-09,14:22:45,-08:00,2025-01-09T14:22:45-08:00,0,43
style.css,4,css,9fc5cea1,Jesse Huang,2025-01-09,14:22:45,-08:00,2025-01-09T14:22:45-08:00,0,1
style.css,5,css,9fc5cea1,Jesse Huang,2025-01-09,14:22:45,-08:00,2025-01-09T14:22:45-08:00,0,24
style.css,6,css,c1ed637b,Jesse Huang,2025-01-24,09:50:11,-08:00,2025-01-24T09:50:11-08:00,0,65
style.css,7,css,c1ed637b,Jesse Huang,2025-01-24,09:50:11,-08:00,2025-01-24T09:50:11-08:00,0,86
style.css,8,css,c1ed637b,Jesse Huang,2025-01-24,09:50:11,-08:00,2025-01-24T09:50:11-08:00,0,66
style.css,9,css,9fc5cea1,Jesse Huang,2025-01-09,14:22:45,-08:00,2025-01-09T14:22:45-08:00,0,0
style.css,10,css,9fc5cea1,Jesse Huang,2025-01-09,14:22:45,-08:00,2025-01-09T14:22:45-08:00,0,0
style.css,11,css,9fc5cea1,Jesse Huang,2025-01-09,14:22:45,-08:00,2025-01-09T14:22:45-08:00,0,18
style.css,12,css,801584bb,Jesse Huang,2025-01-17,02:49:07,-08:00,2025-01-17T02:49:07-08:00,0,15
style.css,13,css,9fc5cea1,Jesse Huang,2025-01-09,14:22:45,-08:00,2025-01-09T14:22:45-08:00,0,12
style.css,14,css,9fc5cea1,Jesse Huang,2025-01-09,14:22:45,-08:00,2025-01-09T14:22:45-08:00,0,0
style.css,15,css,9fc5cea1,Jesse Huang,2025-01-09,14:22:45,-08:00,2025-01-09T14:22:45-08:00,0,0
style.css,16,css,9fc5cea1,Jesse Huang,2025-01-09,14:22:45,-08:00,2025-01-09T14:22:45-08:00,0,10
style.css,17,css,801584bb,Jesse Huang,2025-01-17,02:49:07,-08:00,2025-01-17T02:49:07-08:00,0,12
style.css,18,css,801584bb,Jesse Huang,2025-01-17,02:49:07,-08:00,2025-01-17T02:49:07-08:00,0,0
style.css,19,css,801584bb,Jesse Huang,2025-01-17,02:49:07,-08:00,2025-01-17T02:49:07-08:00,0,0
style.css,20,css,c1ed637b,Jesse Huang,2025-01-24,09:50:11,-08:00,2025-01-24T09:50:11-08:00,0,6
style.css,21,css,801584bb,Jesse Huang,2025-01-17,02:49:07,-08:00,2025-01-17T02:49:07-08:00,0,37
style.css,22,css,801584bb,Jesse Huang,2025-01-17,02:49:07,-08:00,2025-01-17T02:49:07-08:00,0,21
style.css,23,css,801584bb,Jesse Huang,2025-01-17,02:49:07,-08:00,2025-01-17T02:49:07-08:00,0,14
style.css,24,css,801584bb,Jesse Huang,2025-01-17,02:49:07,-08:00,2025-01-17T02:49:07-08:00,0,18
style.css,25,css,801584bb,Jesse Huang,2025-01-17,02:49:07,-08:00,2025-01-17T02:49:07-08:00,0,14
style.css,26,css,801584bb,Jesse Huang,2025-01-17,02:49:07,-08:00,2025-01-17T02:49:07-08:00,0,0
style.css,27,css,801584bb,Jesse Huang,2025-01-17,02:49:07,-08:00,2025-01-17T02:49:07-08:00,0,0
style.css,28,css,801584bb,Jesse Huang,2025-01-17,02:49:07,-08:00,2025-01-17T02:49:07-08:00,0,4
style.css,29,css,c1ed637b,Jesse Huang,2025-01-24,09:50:11,-08:00,2025-01-24T09:50:11-08:00,0,153
style.css,30,css,801584bb,Jesse Huang,2025-01-17,02:49:07,-08:00,2025-01-17T02:49:07-08:00,0,40
style.css,31,css,801584bb,Jesse Huang,2025-01-17,02:49:07,-08:00,2025-01-17T02:49:07-08:00,0,17
style.css,32,css,801584bb,Jesse Huang,2025-01-17,02:49:07,-08:00,2025-01-17T02:49:07-08:00,0,24
style.css,33,css,801584bb,Jesse Huang,2025-01-17,02:49:07,-08:00,2025-01-17T02:49:07-08:00,0,26
style.css,34,css,c1ed637b,Jesse Huang,2025-01-24,09:50:11,-08:00,2025-01-24T09:50:11-08:00,0,40
style.css,35,css,801584bb,Jesse Huang,2025-01-17,02:49:07,-08:00,2025-01-17T02:49:07-08:00,0,0
style.css,36,css,801584bb,Jesse Huang,2025-01-17,02:49:07,-08:00,2025-01-17T02:49:07-08:00,0,0
style.css,37,css,801584bb,Jesse Huang,2025-01-17,02:49:07,-08:00,2025-01-17T02:49:07-08:00,0,9
style.css,38,css,801584bb,Jesse Huang,2025-01-17,02:49:07,-08:00,2025-01-17T02:49:07-08:00,0,51
style.css,39,css,801584bb,Jesse Huang,2025-01-17,02:49:07,-08:00,2025-01-17T02:49:07-08:00,0,26
style.css,40,css,c1ed637b,Jesse Huang,2025-01-24,09:50:11,-08:00,2025-01-24T09:50:11-08:00,0,40
style.css,41,css,801584bb,Jesse Huang,2025-01-17,02:49:07,-08:00,2025-01-17T02:49:07-08:00,0,47
style.css,42,css,801584bb,Jesse Huang,2025-01-17,02:49:07,-08:00,2025-01-17T02:49:07-08:00,0,0
style.css,43,css,801584bb,Jesse Huang,2025-01-17,02:49:07,-08:00,2025-01-17T02:49:07-08:00,0,0
style.css,44,css,801584bb,Jesse Huang,2025-01-17,02:49:07,-08:00,2025-01-17T02:49:07-08:00,0,5
style.css,45,css,c1ed637b,Jesse Huang,2025-01-24,09:50:11,-08:00,2025-01-24T09:50:11-08:00,0,78
style.css,46,css,801584bb,Jesse Huang,2025-01-17,02:49:07,-08:00,2025-01-17T02:49:07-08:00,0,97
style.css,47,css,67b6c1bd,Jesse Huang,2025-01-31,22:44:08,-08:00,2025-01-31T22:44:08-08:00,0,24
style.css,48,css,801584bb,Jesse Huang,2025-01-17,02:49:07,-08:00,2025-01-17T02:49:07-08:00,0,0
style.css,49,css,801584bb,Jesse Huang,2025-01-17,02:49:07,-08:00,2025-01-17T02:49:07-08:00,0,0
style.css,50,css,c1ed637b,Jesse Huang,2025-01-24,09:50:11,-08:00,2025-01-24T09:50:11-08:00,0,12
style.css,51,css,801584bb,Jesse Huang,2025-01-17,02:49:07,-08:00,2025-01-17T02:49:07-08:00,0,26
style.css,52,css,801584bb,Jesse Huang,2025-01-17,02:49:07,-08:00,2025-01-17T02:49:07-08:00,0,26
style.css,53,css,801584bb,Jesse Huang,2025-01-17,02:49:07,-08:00,2025-01-17T02:49:07-08:00,0,88
style.css,54,css,c1ed637b,Jesse Huang,2025-01-24,09:50:11,-08:00,2025-01-24T09:50:11-08:00,0,100
style.css,55,css,801584bb,Jesse Huang,2025-01-17,02:49:07,-08:00,2025-01-17T02:49:07-08:00,0,21
style.css,56,css,801584bb,Jesse Huang,2025-01-17,02:49:07,-08:00,2025-01-17T02:49:07-08:00,0,0
style.css,57,css,801584bb,Jesse Huang,2025-01-17,02:49:07,-08:00,2025-01-17T02:49:07-08:00,0,0
style.css,58,css,801584bb,Jesse Huang,2025-01-17,02:49:07,-08:00,2025-01-17T02:49:07-08:00,0,5
style.css,59,css,801584bb,Jesse Huang,2025-01-17,02:49:07,-08:00,2025-01-17T02:49:07-08:00,0,13
style.css,60,css,801584bb,Jesse Huang,2025-01-17,02:49:07,-08:00,2025-01-17T02:49:07-08:00,0,31
style.css,61,css,801584bb,Jesse Huang,2025-01-17,02:49:07,-08:00,2025-01-17T02:49:07-08:00,0,7
style.css,62,css,801584bb,Jesse Huang,2025-01-17,02:49:07,-08:00,2025-01-17T02:49:07-08:00,0,0
style.css,63,css,801584bb,Jesse Huang,2025-01-17,02:49:07,-08:00,2025-01-17T02:49:07-08:00,0,0
style.css,64,css,801584bb,Jesse Huang,2025-01-17,02:49:07,-08:00,2025-01-17T02:49:07-08:00,0,6
style.css,65,css,801584bb,Jesse Huang,2025-01-17,02:49:07,-08:00,2025-01-17T02:49:07-08:00,0,105
style.css,66,css,801584bb,Jesse Huang,2025-01-17,02:49:07,-08:00,2025-01-17T02:49:07-08:00,0,0
style.css,67,css,801584bb,Jesse Huang,2025-01-17,02:49:07,-08:00,2025-01-17T02:49:07-08:00,0,0
style.css,68,css,801584bb,Jesse Huang,2025-01-17,02:49:07,-08:00,2025-01-17T02:49:07-08:00,0,7
style.css,69,css,801584bb,Jesse Huang,2025-01-17,02:49:07,-08:00,2025-01-17T02:49:07-08:00,0,19
style.css,70,css,801584bb,Jesse Huang,2025-01-17,02:49:07,-08:00,2025-01-17T02:49:07-08:00,0,0
style.css,71,css,801584bb,Jesse Huang,2025-01-17,02:49:07,-08:00,2025-01-17T02:49:07-08:00,0,0
style.css,72,css,801584bb,Jesse Huang,2025-01-17,02:49:07,-08:00,2025-01-17T02:49:07-08:00,0,10
style.css,73,css,801584bb,Jesse Huang,2025-01-17,02:49:07,-08:00,2025-01-17T02:49:07-08:00,0,13
style.css,74,css,801584bb,Jesse Huang,2025-01-17,02:49:07,-08:00,2025-01-17T02:49:07-08:00,0,185
style.css,75,css,801584bb,Jesse Huang,2025-01-17,02:49:07,-08:00,2025-01-17T02:49:07-08:00,0,8
style.css,76,css,67b6c1bd,Jesse Huang,2025-01-31,22:44:08,-08:00,2025-01-31T22:44:08-08:00,0,16
style.css,77,css,801584bb,Jesse Huang,2025-01-17,02:49:07,-08:00,2025-01-17T02:49:07-08:00,0,0
style.css,78,css,801584bb,Jesse Huang,2025-01-17,02:49:07,-08:00,2025-01-17T02:49:07-08:00,0,0
style.css,79,css,801584bb,Jesse Huang,2025-01-17,02:49:07,-08:00,2025-01-17T02:49:07-08:00,0,18
style.css,80,css,c1ed637b,Jesse Huang,2025-01-24,09:50:11,-08:00,2025-01-24T09:50:11-08:00,0,13
style.css,81,css,67b6c1bd,Jesse Huang,2025-01-31,22:44:08,-08:00,2025-01-31T22:44:08-08:00,0,63
style.css,82,css,c1ed637b,Jesse Huang,2025-01-24,09:50:11,-08:00,2025-01-24T09:50:11-08:00,0,8
style.css,83,css,801584bb,Jesse Huang,2025-01-17,02:49:07,-08:00,2025-01-17T02:49:07-08:00,0,0
style.css,84,css,801584bb,Jesse Huang,2025-01-17,02:49:07,-08:00,2025-01-17T02:49:07-08:00,0,0
style.css,85,css,801584bb,Jesse Huang,2025-01-17,02:49:07,-08:00,2025-01-17T02:49:07-08:00,0,21
style.css,86,css,c1ed637b,Jesse Huang,2025-01-24,09:50:11,-08:00,2025-01-24T09:50:11-08:00,0,39
style.css,87,css,801584bb,Jesse Huang,2025-01-17,02:49:07,-08:00,2025-01-17T02:49:07-08:00,0,0
style.css,88,css,801584bb,Jesse Huang,2025-01-17,02:49:07,-08:00,2025-01-17T02:49:07-08:00,0,0
style.css,89,css,801584bb,Jesse Huang,2025-01-17,02:49:07,-08:00,2025-01-17T02:49:07-08:00,0,68
style.css,90,css,801584bb,Jesse Huang,2025-01-17,02:49:07,-08:00,2025-01-17T02:49:07-08:00,0,15
style.css,91,css,801584bb,Jesse Huang,2025-01-17,02:49:07,-08:00,2025-01-17T02:49:07-08:00,0,0
style.css,92,css,801584bb,Jesse Huang,2025-01-17,02:49:07,-08:00,2025-01-17T02:49:07-08:00,0,0
style.css,93,css,801584bb,Jesse Huang,2025-01-17,02:49:07,-08:00,2025-01-17T02:49:07-08:00,0,34
style.css,94,css,801584bb,Jesse Huang,2025-01-17,02:49:07,-08:00,2025-01-17T02:49:07-08:00,0,18
style.css,95,css,801584bb,Jesse Huang,2025-01-17,02:49:07,-08:00,2025-01-17T02:49:07-08:00,0,0
style.css,96,css,801584bb,Jesse Huang,2025-01-17,02:49:07,-08:00,2025-01-17T02:49:07-08:00,0,0
style.css,97,css,801584bb,Jesse Huang,2025-01-17,02:49:07,-08:00,2025-01-17T02:49:07-08:00,0,23
style.css,98,css,801584bb,Jesse Huang,2025-01-17,02:49:07,-08:00,2025-01-17T02:49:07-08:00,0,16
style.css,99,css,801584bb,Jesse Huang,2025-01-17,02:49:07,-08:00,2025-01-17T02:49:07-08:00,0,18
style.css,100,css,c1ed637b,Jesse Huang,2025-01-24,09:50:11,-08:00,2025-01-24T09:50:11-08:00,0,0
style.css,101,css,c1ed637b,Jesse Huang,2025-01-24,09:50:11,-08:00,2025-01-24T09:50:11-08:00,0,0
style.css,102,css,c1ed637b,Jesse Huang,2025-01-24,09:50:11,-08:00,2025-01-24T09:50:11-08:00,0,14
style.css,103,css,c1ed637b,Jesse Huang,2025-01-24,09:50:11,-08:00,2025-01-24T09:50:11-08:00,0,18
style.css,104,css,c1ed637b,Jesse Huang,2025-01-24,09:50:11,-08:00,2025-01-24T09:50:11-08:00,0,8
style.css,105,css,c1ed637b,Jesse Huang,2025-01-24,09:50:11,-08:00,2025-01-24T09:50:11-08:00,0,10
style.css,106,css,c1ed637b,Jesse Huang,2025-01-24,09:50:11,-08:00,2025-01-24T09:50:11-08:00,0,0
style.css,107,css,c1ed637b,Jesse Huang,2025-01-24,09:50:11,-08:00,2025-01-24T09:50:11-08:00,0,0
style.css,108,css,c1ed637b,Jesse Huang,2025-01-24,09:50:11,-08:00,2025-01-24T09:50:11-08:00,0,36
style.css,109,css,c1ed637b,Jesse Huang,2025-01-24,09:50:11,-08:00,2025-01-24T09:50:11-08:00,0,14
style.css,110,css,c1ed637b,Jesse Huang,2025-01-24,09:50:11,-08:00,2025-01-24T09:50:11-08:00,0,20
style.css,111,css,67b6c1bd,Jesse Huang,2025-01-31,22:44:08,-08:00,2025-01-31T22:44:08-08:00,0,0
style.css,112,css,67b6c1bd,Jesse Huang,2025-01-31,22:44:08,-08:00,2025-01-31T22:44:08-08:00,0,0
style.css,113,css,67b6c1bd,Jesse Huang,2025-01-31,22:44:08,-08:00,2025-01-31T22:44:08-08:00,0,11
style.css,114,css,67b6c1bd,Jesse Huang,2025-01-31,22:44:08,-08:00,2025-01-31T22:44:08-08:00,0,15
style.css,115,css,67b6c1bd,Jesse Huang,2025-01-31,22:44:08,-08:00,2025-01-31T22:44:08-08:00,0,18
style.css,116,css,67b6c1bd,Jesse Huang,2025-01-31,22:44:08,-08:00,2025-01-31T22:44:08-08:00,0,21
style.css,117,css,67b6c1bd,Jesse Huang,2025-01-31,22:44:08,-08:00,2025-01-31T22:44:08-08:00,0,0
style.css,118,css,67b6c1bd,Jesse Huang,2025-01-31,22:44:08,-08:00,2025-01-31T22:44:08-08:00,0,0
style.css,119,css,67b6c1bd,Jesse Huang,2025-01-31,22:44:08,-08:00,2025-01-31T22:44:08-08:00,0,3
style.css,120,css,67b6c1bd,Jesse Huang,2025-01-31,22:44:08,-08:00,2025-01-31T22:44:08-08:00,0,13
style.css,121,css,67b6c1bd,Jesse Huang,2025-01-31,22:44:08,-08:00,2025-01-31T22:44:08-08:00,0,38
style.css,122,css,67b6c1bd,Jesse Huang,2025-01-31,22:44:08,-08:00,2025-01-31T22:44:08-08:00,0,22
style.css,123,css,67b6c1bd,Jesse Huang,2025-01-31,22:44:08,-08:00,2025-01-31T22:44:08-08:00,0,15
style.css,124,css,67b6c1bd,Jesse Huang,2025-01-31,22:44:08,-08:00,2025-01-31T22:44:08-08:00,0,0
style.css,125,css,67b6c1bd,Jesse Huang,2025-01-31,22:44:08,-08:00,2025-01-31T22:44:08-08:00,0,0
style.css,126,css,67b6c1bd,Jesse Huang,2025-01-31,22:44:08,-08:00,2025-01-31T22:44:08-08:00,0,3
style.css,127,css,67b6c1bd,Jesse Huang,2025-01-31,22:44:08,-08:00,2025-01-31T22:44:08-08:00,0,11
style.css,128,css,67b6c1bd,Jesse Huang,2025-01-31,22:44:08,-08:00,2025-01-31T22:44:08-08:00,0,18
style.css,129,css,67b6c1bd,Jesse Huang,2025-01-31,22:44:08,-08:00,2025-01-31T22:44:08-08:00,0,25
style.css,130,css,67b6c1bd,Jesse Huang,2025-01-31,22:44:08,-08:00,2025-01-31T22:44:08-08:00,0,0
style.css,131,css,67b6c1bd,Jesse Huang,2025-01-31,22:44:08,-08:00,2025-01-31T22:44:08-08:00,0,0
style.css,132,css,67b6c1bd,Jesse Huang,2025-01-31,22:44:08,-08:00,2025-01-31T22:44:08-08:00,0,3
style.css,133,css,67b6c1bd,Jesse Huang,2025-01-31,22:44:08,-08:00,2025-01-31T22:44:08-08:00,0,11
style.css,134,css,67b6c1bd,Jesse Huang,2025-01-31,22:44:08,-08:00,2025-01-31T22:44:08-08:00,0,18
style.css,135,css,67b6c1bd,Jesse Huang,2025-01-31,22:44:08,-08:00,2025-01-31T22:44:08-08:00,0,0
style.css,136,css,67b6c1bd,Jesse Huang,2025-01-31,22:44:08,-08:00,2025-01-31T22:44:08-08:00,0,0
style.css,137,css,67b6c1bd,Jesse Huang,2025-01-31,22:44:08,-08:00,2025-01-31T22:44:08-08:00,0,0
style.css,138,css,67b6c1bd,Jesse Huang,2025-01-31,22:44:08,-08:00,2025-01-31T22:44:08-08:00,0,31
style.css,139,css,f5d546b4,Jesse Huang,2025-02-04,09:35:21,-08:00,2025-02-04T09:35:21-08:00,0,15
style.css,140,css,67b6c1bd,Jesse Huang,2025-01-31,22:44:08,-08:00,2025-01-31T22:44:08-08:00,0,15
style.css,141,css,f5d546b4,Jesse Huang,2025-02-04,09:35:21,-08:00,2025-02-04T09:35:21-08:00,0,18
style.css,142,css,f5d546b4,Jesse Huang,2025-02-04,09:35:21,-08:00,2025-02-04T09:35:21-08:00,0,0
style.css,143,css,67b6c1bd,Jesse Huang,2025-01-31,22:44:08,-08:00,2025-01-31T22:44:08-08:00,0,43
style.css,144,css,67b6c1bd,Jesse Huang,2025-01-31,22:44:08,-08:00,2025-01-31T22:44:08-08:00,0,17
style.css,145,css,f5d546b4,Jesse Huang,2025-02-04,09:35:21,-08:00,2025-02-04T09:35:21-08:00,0,0
style.css,146,css,f5d546b4,Jesse Huang,2025-02-04,09:35:21,-08:00,2025-02-04T09:35:21-08:00,0,51
style.css,147,css,f5d546b4,Jesse Huang,2025-02-04,09:35:21,-08:00,2025-02-04T09:35:21-08:00,0,17
style.css,148,css,f5d546b4,Jesse Huang,2025-02-04,09:35:21,-08:00,2025-02-04T09:35:21-08:00,0,12
style.css,149,css,f5d546b4,Jesse Huang,2025-02-04,09:35:21,-08:00,2025-02-04T09:35:21-08:00,0,0
style.css,150,css,f5d546b4,Jesse Huang,2025-02-04,09:35:21,-08:00,2025-02-04T09:35:21-08:00,0,0
style.css,151,css,67b6c1bd,Jesse Huang,2025-01-31,22:44:08,-08:00,2025-01-31T22:44:08-08:00,0,0
style.css,152,css,67b6c1bd,Jesse Huang,2025-01-31,22:44:08,-08:00,2025-01-31T22:44:08-08:00,0,0
style.css,153,css,f5d546b4,Jesse Huang,2025-02-04,09:35:21,-08:00,2025-02-04T09:35:21-08:00,0,0
style.css,154,css,67b6c1bd,Jesse Huang,2025-01-31,22:44:08,-08:00,2025-01-31T22:44:08-08:00,0,3
style.css,155,css,67b6c1bd,Jesse Huang,2025-01-31,22:44:08,-08:00,2025-01-31T22:44:08-08:00,0,13
style.css,156,css,67b6c1bd,Jesse Huang,2025-01-31,22:44:08,-08:00,2025-01-31T22:44:08-08:00,0,59
style.css,157,css,67b6c1bd,Jesse Huang,2025-01-31,22:44:08,-08:00,2025-01-31T22:44:08-08:00,0,16
style.css,158,css,67b6c1bd,Jesse Huang,2025-01-31,22:44:08,-08:00,2025-01-31T22:44:08-08:00,0,12
style.css,159,css,67b6c1bd,Jesse Huang,2025-01-31,22:44:08,-08:00,2025-01-31T22:44:08-08:00,0,55
style.css,160,css,67b6c1bd,Jesse Huang,2025-01-31,22:44:08,-08:00,2025-01-31T22:44:08-08:00,0,54
style.css,161,css,67b6c1bd,Jesse Huang,2025-01-31,22:44:08,-08:00,2025-01-31T22:44:08-08:00,0,11
style.css,162,css,67b6c1bd,Jesse Huang,2025-01-31,22:44:08,-08:00,2025-01-31T22:44:08-08:00,0,0
style.css,163,css,67b6c1bd,Jesse Huang,2025-01-31,22:44:08,-08:00,2025-01-31T22:44:08-08:00,0,0
style.css,164,css,67b6c1bd,Jesse Huang,2025-01-31,22:44:08,-08:00,2025-01-31T22:44:08-08:00,0,3
style.css,165,css,67b6c1bd,Jesse Huang,2025-01-31,22:44:08,-08:00,2025-01-31T22:44:08-08:00,0,13
style.css,166,css,67b6c1bd,Jesse Huang,2025-01-31,22:44:08,-08:00,2025-01-31T22:44:08-08:00,0,19
style.css,167,css,67b6c1bd,Jesse Huang,2025-01-31,22:44:08,-08:00,2025-01-31T22:44:08-08:00,0,18
style.css,168,css,67b6c1bd,Jesse Huang,2025-01-31,22:44:08,-08:00,2025-01-31T22:44:08-08:00,0,0
style.css,169,css,67b6c1bd,Jesse Huang,2025-01-31,22:44:08,-08:00,2025-01-31T22:44:08-08:00,0,0
style.css,170,css,67b6c1bd,Jesse Huang,2025-01-31,22:44:08,-08:00,2025-01-31T22:44:08-08:00,0,11
style.css,171,css,67b6c1bd,Jesse Huang,2025-01-31,22:44:08,-08:00,2025-01-31T22:44:08-08:00,0,11
style.css,172,css,67b6c1bd,Jesse Huang,2025-01-31,22:44:08,-08:00,2025-01-31T22:44:08-08:00,0,21
style.css,173,css,67b6c1bd,Jesse Huang,2025-01-31,22:44:08,-08:00,2025-01-31T22:44:08-08:00,0,11
style.css,174,css,67b6c1bd,Jesse Huang,2025-01-31,22:44:08,-08:00,2025-01-31T22:44:08-08:00,0,12
style.css,175,css,67b6c1bd,Jesse Huang,2025-01-31,22:44:08,-08:00,2025-01-31T22:44:08-08:00,0,17
style.css,176,css,67b6c1bd,Jesse Huang,2025-01-31,22:44:08,-08:00,2025-01-31T22:44:08-08:00,0,30
style.css,177,css,67b6c1bd,Jesse Huang,2025-01-31,22:44:08,-08:00,2025-01-31T22:44:08-08:00,0,18
style.css,178,css,67b6c1bd,Jesse Huang,2025-01-31,22:44:08,-08:00,2025-01-31T22:44:08-08:00,0,0
style.css,179,css,67b6c1bd,Jesse Huang,2025-01-31,22:44:08,-08:00,2025-01-31T22:44:08-08:00,0,0
style.css,180,css,67b6c1bd,Jesse Huang,2025-01-31,22:44:08,-08:00,2025-01-31T22:44:08-08:00,0,22
style.css,181,css,67b6c1bd,Jesse Huang,2025-01-31,22:44:08,-08:00,2025-01-31T22:44:08-08:00,0,11
style.css,182,css,67b6c1bd,Jesse Huang,2025-01-31,22:44:08,-08:00,2025-01-31T22:44:08-08:00,0,7
style.css,183,css,67b6c1bd,Jesse Huang,2025-01-31,22:44:08,-08:00,2025-01-31T22:44:08-08:00,0,0
style.css,184,css,67b6c1bd,Jesse Huang,2025-01-31,22:44:08,-08:00,2025-01-31T22:44:08-08:00,0,0
style.css,185,css,67b6c1bd,Jesse Huang,2025-01-31,22:44:08,-08:00,2025-01-31T22:44:08-08:00,0,5
style.css,186,css,67b6c1bd,Jesse Huang,2025-01-31,22:44:08,-08:00,2025-01-31T22:44:08-08:00,0,17
style.css,187,css,67b6c1bd,Jesse Huang,2025-01-31,22:44:08,-08:00,2025-01-31T22:44:08-08:00,0,0
style.css,188,css,67b6c1bd,Jesse Huang,2025-01-31,22:44:08,-08:00,2025-01-31T22:44:08-08:00,0,0
style.css,189,css,67b6c1bd,Jesse Huang,2025-01-31,22:44:08,-08:00,2025-01-31T22:44:08-08:00,0,10
style.css,190,css,67b6c1bd,Jesse Huang,2025-01-31,22:44:08,-08:00,2025-01-31T22:44:08-08:00,0,123
style.css,191,css,67b6c1bd,Jesse Huang,2025-01-31,22:44:08,-08:00,2025-01-31T22:44:08-08:00,0,0
style.css,192,css,67b6c1bd,Jesse Huang,2025-01-31,22:44:08,-08:00,2025-01-31T22:44:08-08:00,0,11
style.css,193,css,67b6c1bd,Jesse Huang,2025-01-31,22:44:08,-08:00,2025-01-31T22:44:08-08:00,0,18
style.css,194,css,67b6c1bd,Jesse Huang,2025-01-31,22:44:08,-08:00,2025-01-31T22:44:08-08:00,0,0
style.css,195,css,67b6c1bd,Jesse Huang,2025-01-31,22:44:08,-08:00,2025-01-31T22:44:08-08:00,0,0
style.css,196,css,67b6c1bd,Jesse Huang,2025-01-31,22:44:08,-08:00,2025-01-31T22:44:08-08:00,0,0
style.css,197,css,67b6c1bd,Jesse Huang,2025-01-31,22:44:08,-08:00,2025-01-31T22:44:08-08:00,0,5
style.css,198,css,67b6c1bd,Jesse Huang,2025-01-31,22:44:08,-08:00,2025-01-31T22:44:08-08:00,0,8
style.css,199,css,67b6c1bd,Jesse Huang,2025-01-31,22:44:08,-08:00,2025-01-31T22:44:08-08:00,0,15
style.css,200,css,9fc5cea1,Jesse Huang,2025-01-09,14:22:45,-08:00,2025-01-09T14:22:45-08:00,0,0
index.js,1,js,67b6c1bd,Jesse Huang,2025-01-31,22:44:08,-08:00,2025-01-31T22:44:08-08:00,0,71
index.js,2,js,67b6c1bd,Jesse Huang,2025-01-31,22:44:08,-08:00,2025-01-31T22:44:08-08:00,0,0
index.js,3,js,67b6c1bd,Jesse Huang,2025-01-31,22:44:08,-08:00,2025-01-31T22:44:08-08:00,0,126
index.js,4,js,67b6c1bd,Jesse Huang,2025-01-31,22:44:08,-08:00,2025-01-31T22:44:08-08:00,0,43
index.js,5,js,67b6c1bd,Jesse Huang,2025-01-31,22:44:08,-08:00,2025-01-31T22:44:08-08:00,0,0
index.js,6,js,67b6c1bd,Jesse Huang,2025-01-31,22:44:08,-08:00,2025-01-31T22:44:08-08:00,0,61
index.js,7,js,67b6c1bd,Jesse Huang,2025-01-31,22:44:08,-08:00,2025-01-31T22:44:08-08:00,0,166
index.js,8,js,67b6c1bd,Jesse Huang,2025-01-31,22:44:08,-08:00,2025-01-31T22:44:08-08:00,0,0
index.js,9,js,67b6c1bd,Jesse Huang,2025-01-31,22:44:08,-08:00,2025-01-31T22:44:08-08:00,0,124
index.js,10,js,67b6c1bd,Jesse Huang,2025-01-31,22:44:08,-08:00,2025-01-31T22:44:08-08:00,0,26
index.js,11,js,67b6c1bd,Jesse Huang,2025-01-31,22:44:08,-08:00,2025-01-31T22:44:08-08:00,0,0
index.js,12,js,67b6c1bd,Jesse Huang,2025-01-31,22:44:08,-08:00,2025-01-31T22:44:08-08:00,0,61
index.js,13,js,67b6c1bd,Jesse Huang,2025-01-31,22:44:08,-08:00,2025-01-31T22:44:08-08:00,0,150
index.js,14,js,67b6c1bd,Jesse Huang,2025-01-31,22:44:08,-08:00,2025-01-31T22:44:08-08:00,0,57
index.js,15,js,67b6c1bd,Jesse Huang,2025-01-31,22:44:08,-08:00,2025-01-31T22:44:08-08:00,0,127
index.js,16,js,67b6c1bd,Jesse Huang,2025-01-31,22:44:08,-08:00,2025-01-31T22:44:08-08:00,0,25
index.js,17,js,67b6c1bd,Jesse Huang,2025-01-31,22:44:08,-08:00,2025-01-31T22:44:08-08:00,0,3
index.js,18,js,67b6c1bd,Jesse Huang,2025-01-31,22:44:08,-08:00,2025-01-31T22:44:08-08:00,0,55
index.js,19,js,67b6c1bd,Jesse Huang,2025-01-31,22:44:08,-08:00,2025-01-31T22:44:08-08:00,0,55
index.js,20,js,67b6c1bd,Jesse Huang,2025-01-31,22:44:08,-08:00,2025-01-31T22:44:08-08:00,0,49
index.js,21,js,67b6c1bd,Jesse Huang,2025-01-31,22:44:08,-08:00,2025-01-31T22:44:08-08:00,0,49
index.js,22,js,67b6c1bd,Jesse Huang,2025-01-31,22:44:08,-08:00,2025-01-31T22:44:08-08:00,0,4
index.js,23,js,67b6c1bd,Jesse Huang,2025-01-31,22:44:08,-08:00,2025-01-31T22:44:08-08:00,0,1
index.js,24,js,67b6c1bd,Jesse Huang,2025-01-31,22:44:08,-08:00,2025-01-31T22:44:08-08:00,0,1
index.js,25,js,67b6c1bd,Jesse Huang,2025-01-31,22:44:08,-08:00,2025-01-31T22:44:08-08:00,0,0
index.js,26,js,67b6c1bd,Jesse Huang,2025-01-31,22:44:08,-08:00,2025-01-31T22:44:08-08:00,0,0
index.js,27,js,67b6c1bd,Jesse Huang,2025-01-31,22:44:08,-08:00,2025-01-31T22:44:08-08:00,0,0
index.html,1,html,b1c2810d,Jesse Huang,2025-01-09,11:33:51,-08:00,2025-01-09T11:33:51-08:00,0,14
index.html,2,html,b1c2810d,Jesse Huang,2025-01-09,11:33:51,-08:00,2025-01-09T11:33:51-08:00,0,15
index.html,3,html,b1c2810d,Jesse Huang,2025-01-09,11:33:51,-08:00,2025-01-09T11:33:51-08:00,0,5
index.html,4,html,b1c2810d,Jesse Huang,2025-01-09,11:33:51,-08:00,2025-01-09T11:33:51-08:00,0,21
index.html,5,html,b1c2810d,Jesse Huang,2025-01-09,11:33:51,-08:00,2025-01-09T11:33:51-08:00,0,69
index.html,6,html,b1c2810d,Jesse Huang,2025-01-09,11:33:51,-08:00,2025-01-09T11:33:51-08:00,0,29
index.html,7,html,9fc5cea1,Jesse Huang,2025-01-09,14:22:45,-08:00,2025-01-09T14:22:45-08:00,0,0
index.html,8,html,9fc5cea1,Jesse Huang,2025-01-09,14:22:45,-08:00,2025-01-09T14:22:45-08:00,0,39
index.html,9,html,b1c2810d,Jesse Huang,2025-01-09,11:33:51,-08:00,2025-01-09T11:33:51-08:00,0,6
index.html,10,html,b1c2810d,Jesse Huang,2025-01-09,11:33:51,-08:00,2025-01-09T11:33:51-08:00,0,0
index.html,11,html,c1ed637b,Jesse Huang,2025-01-24,09:50:11,-08:00,2025-01-24T09:50:11-08:00,0,18
index.html,12,html,c1ed637b,Jesse Huang,2025-01-24,09:50:11,-08:00,2025-01-24T09:50:11-08:00,0,9
index.html,13,html,c1ed637b,Jesse Huang,2025-01-24,09:50:11,-08:00,2025-01-24T09:50:11-08:00,0,53
index.html,14,html,801584bb,Jesse Huang,2025-01-17,02:49:07,-08:00,2025-01-17T02:49:07-08:00,0,65
index.html,15,html,801584bb,Jesse Huang,2025-01-17,02:49:07,-08:00,2025-01-17T02:49:07-08:00,0,63
index.html,16,html,801584bb,Jesse Huang,2025-01-17,02:49:07,-08:00,2025-01-17T02:49:07-08:00,0,86
index.html,17,html,c1ed637b,Jesse Huang,2025-01-24,09:50:11,-08:00,2025-01-24T09:50:11-08:00,0,60
index.html,18,html,c1ed637b,Jesse Huang,2025-01-24,09:50:11,-08:00,2025-01-24T09:50:11-08:00,0,9
index.html,19,html,9fc5cea1,Jesse Huang,2025-01-09,14:22:45,-08:00,2025-01-09T14:22:45-08:00,0,0
index.html,20,html,801584bb,Jesse Huang,2025-01-17,02:49:07,-08:00,2025-01-17T02:49:07-08:00,0,33
index.html,21,html,b1c2810d,Jesse Huang,2025-01-09,11:33:51,-08:00,2025-01-09T11:33:51-08:00,0,0
index.html,22,html,9fc5cea1,Jesse Huang,2025-01-09,14:22:45,-08:00,2025-01-09T14:22:45-08:00,0,148
index.html,23,html,9fc5cea1,Jesse Huang,2025-01-09,14:22:45,-08:00,2025-01-09T14:22:45-08:00,0,0
index.html,24,html,9fc5cea1,Jesse Huang,2025-01-09,14:22:45,-08:00,2025-01-09T14:22:45-08:00,0,78
index.html,25,html,c1ed637b,Jesse Huang,2025-01-24,09:50:11,-08:00,2025-01-24T09:50:11-08:00,0,0
index.html,26,html,67b6c1bd,Jesse Huang,2025-01-31,22:44:08,-08:00,2025-01-31T22:44:08-08:00,0,25
index.html,27,html,67b6c1bd,Jesse Huang,2025-01-31,22:44:08,-08:00,2025-01-31T22:44:08-08:00,0,31
index.html,28,html,67b6c1bd,Jesse Huang,2025-01-31,22:44:08,-08:00,2025-01-31T22:44:08-08:00,0,8
index.html,29,html,67b6c1bd,Jesse Huang,2025-01-31,22:44:08,-08:00,2025-01-31T22:44:08-08:00,0,106
index.html,30,html,67b6c1bd,Jesse Huang,2025-01-31,22:44:08,-08:00,2025-01-31T22:44:08-08:00,0,0
index.html,31,html,67b6c1bd,Jesse Huang,2025-01-31,22:44:08,-08:00,2025-01-31T22:44:08-08:00,0,25
index.html,32,html,67b6c1bd,Jesse Huang,2025-01-31,22:44:08,-08:00,2025-01-31T22:44:08-08:00,0,23
index.html,33,html,67b6c1bd,Jesse Huang,2025-01-31,22:44:08,-08:00,2025-01-31T22:44:08-08:00,0,8
index.html,34,html,67b6c1bd,Jesse Huang,2025-01-31,22:44:08,-08:00,2025-01-31T22:44:08-08:00,0,29
index.html,35,html,67b6c1bd,Jesse Huang,2025-01-31,22:44:08,-08:00,2025-01-31T22:44:08-08:00,0,0
index.html,36,html,c1ed637b,Jesse Huang,2025-01-24,09:50:11,-08:00,2025-01-24T09:50:11-08:00,0,25
index.html,37,html,c1ed637b,Jesse Huang,2025-01-24,09:50:11,-08:00,2025-01-24T09:50:11-08:00,0,46
index.html,38,html,67b6c1bd,Jesse Huang,2025-01-31,22:44:08,-08:00,2025-01-31T22:44:08-08:00,0,45
index.html,39,html,b1c2810d,Jesse Huang,2025-01-09,11:33:51,-08:00,2025-01-09T11:33:51-08:00,0,6
index.html,40,html,801584bb,Jesse Huang,2025-01-17,02:49:07,-08:00,2025-01-17T02:49:07-08:00,0,0
index.html,41,html,b1c2810d,Jesse Huang,2025-01-09,11:33:51,-08:00,2025-01-09T11:33:51-08:00,0,6
global.js,1,js,00000000,Not Committed Yet,2025-02-04,22:42:51,-08:00,2025-02-04T22:42:51-08:00,0,42
global.js,2,js,00000000,Not Committed Yet,2025-02-04,22:42:51,-08:00,2025-02-04T22:42:51-08:00,0,53
global.js,3,js,c1ed637b,Jesse Huang,2025-01-24,09:50:11,-08:00,2025-01-24T09:50:11-08:00,0,0
global.js,4,js,c1ed637b,Jesse Huang,2025-01-24,09:50:11,-08:00,2025-01-24T09:50:11-08:00,0,0
global.js,5,js,c1ed637b,Jesse Huang,2025-01-24,09:50:11,-08:00,2025-01-24T09:50:11-08:00,0,28
global.js,6,js,c1ed637b,Jesse Huang,2025-01-24,09:50:11,-08:00,2025-01-24T09:50:11-08:00,0,0
global.js,7,js,c1ed637b,Jesse Huang,2025-01-24,09:50:11,-08:00,2025-01-24T09:50:11-08:00,0,34
global.js,8,js,c1ed637b,Jesse Huang,2025-01-24,09:50:11,-08:00,2025-01-24T09:50:11-08:00,0,73
global.js,9,js,c1ed637b,Jesse Huang,2025-01-24,09:50:11,-08:00,2025-01-24T09:50:11-08:00,0,4
global.js,10,js,c1ed637b,Jesse Huang,2025-01-24,09:50:11,-08:00,2025-01-24T09:50:11-08:00,0,0
global.js,11,js,c1ed637b,Jesse Huang,2025-01-24,09:50:11,-08:00,2025-01-24T09:50:11-08:00,0,20
global.js,12,js,c1ed637b,Jesse Huang,2025-01-24,09:50:11,-08:00,2025-01-24T09:50:11-08:00,0,42
global.js,13,js,c1ed637b,Jesse Huang,2025-01-24,09:50:11,-08:00,2025-01-24T09:50:11-08:00,0,85
global.js,14,js,c1ed637b,Jesse Huang,2025-01-24,09:50:11,-08:00,2025-01-24T09:50:11-08:00,0,3
global.js,15,js,c1ed637b,Jesse Huang,2025-01-24,09:50:11,-08:00,2025-01-24T09:50:11-08:00,0,0
global.js,16,js,c1ed637b,Jesse Huang,2025-01-24,09:50:11,-08:00,2025-01-24T09:50:11-08:00,0,12
global.js,17,js,00000000,Not Committed Yet,2025-02-04,22:42:51,-08:00,2025-02-04T22:42:51-08:00,0,36
global.js,18,js,00000000,Not Committed Yet,2025-02-04,22:42:51,-08:00,2025-02-04T22:42:51-08:00,0,49
global.js,19,js,00000000,Not Committed Yet,2025-02-04,22:42:51,-08:00,2025-02-04T22:42:51-08:00,0,47
global.js,20,js,00000000,Not Committed Yet,2025-02-04,22:42:51,-08:00,2025-02-04T22:42:51-08:00,0,44
global.js,21,js,00000000,Not Committed Yet,2025-02-04,22:42:51,-08:00,2025-02-04T22:42:51-08:00,0,50
global.js,22,js,00000000,Not Committed Yet,2025-02-04,22:42:51,-08:00,2025-02-04T22:42:51-08:00,0,54
global.js,23,js,c1ed637b,Jesse Huang,2025-01-24,09:50:11,-08:00,2025-01-24T09:50:11-08:00,0,1
global.js,24,js,c1ed637b,Jesse Huang,2025-01-24,09:50:11,-08:00,2025-01-24T09:50:11-08:00,0,0
global.js,25,js,c1ed637b,Jesse Huang,2025-01-24,09:50:11,-08:00,2025-01-24T09:50:11-08:00,0,39
global.js,26,js,c1ed637b,Jesse Huang,2025-01-24,09:50:11,-08:00,2025-01-24T09:50:11-08:00,0,26
global.js,27,js,c1ed637b,Jesse Huang,2025-01-24,09:50:11,-08:00,2025-01-24T09:50:11-08:00,0,0
global.js,28,js,c1ed637b,Jesse Huang,2025-01-24,09:50:11,-08:00,2025-01-24T09:50:11-08:00,0,60
global.js,29,js,c1ed637b,Jesse Huang,2025-01-24,09:50:11,-08:00,2025-01-24T09:50:11-08:00,0,0
global.js,30,js,c1ed637b,Jesse Huang,2025-01-24,09:50:11,-08:00,2025-01-24T09:50:11-08:00,0,21
global.js,31,js,00000000,Not Committed Yet,2025-02-04,22:42:51,-08:00,2025-02-04T22:42:51-08:00,0,15
global.js,32,js,00000000,Not Committed Yet,2025-02-04,22:42:51,-08:00,2025-02-04T22:42:51-08:00,0,19
global.js,33,js,00000000,Not Committed Yet,2025-02-04,22:42:51,-08:00,2025-02-04T22:42:51-08:00,0,0
global.js,34,js,00000000,Not Committed Yet,2025-02-04,22:42:51,-08:00,2025-02-04T22:42:51-08:00,0,45
global.js,35,js,00000000,Not Committed Yet,2025-02-04,22:42:51,-08:00,2025-02-04T22:42:51-08:00,0,68
global.js,36,js,00000000,Not Committed Yet,2025-02-04,22:42:51,-08:00,2025-02-04T22:42:51-08:00,0,17
global.js,37,js,00000000,Not Committed Yet,2025-02-04,22:42:51,-08:00,2025-02-04T22:42:51-08:00,0,20
global.js,38,js,00000000,Not Committed Yet,2025-02-04,22:42:51,-08:00,2025-02-04T22:42:51-08:00,0,0
global.js,39,js,00000000,Not Committed Yet,2025-02-04,22:42:51,-08:00,2025-02-04T22:42:51-08:00,0,66
global.js,40,js,00000000,Not Committed Yet,2025-02-04,22:42:51,-08:00,2025-02-04T22:42:51-08:00,0,12
global.js,41,js,00000000,Not Committed Yet,2025-02-04,22:42:51,-08:00,2025-02-04T22:42:51-08:00,0,21
global.js,42,js,00000000,Not Committed Yet,2025-02-04,22:42:51,-08:00,2025-02-04T22:42:51-08:00,0,13
global.js,43,js,00000000,Not Committed Yet,2025-02-04,22:42:51,-08:00,2025-02-04T22:42:51-08:00,0,0
global.js,44,js,00000000,Not Committed Yet,2025-02-04,22:42:51,-08:00,2025-02-04T22:42:51-08:00,0,18
global.js,45,js,00000000,Not Committed Yet,2025-02-04,22:42:51,-08:00,2025-02-04T22:42:51-08:00,0,9
global.js,46,js,00000000,Not Committed Yet,2025-02-04,22:42:51,-08:00,2025-02-04T22:42:51-08:00,0,59
global.js,47,js,00000000,Not Committed Yet,2025-02-04,22:42:51,-08:00,2025-02-04T22:42:51-08:00,0,1
global.js,48,js,00000000,Not Committed Yet,2025-02-04,22:42:51,-08:00,2025-02-04T22:42:51-08:00,0,0
global.js,49,js,00000000,Not Committed Yet,2025-02-04,22:42:51,-08:00,2025-02-04T22:42:51-08:00,0,5
global.js,50,js,00000000,Not Committed Yet,2025-02-04,22:42:51,-08:00,2025-02-04T22:42:51-08:00,0,69
global.js,51,js,00000000,Not Committed Yet,2025-02-04,22:42:51,-08:00,2025-02-04T22:42:51-08:00,0,33
global.js,52,js,00000000,Not Committed Yet,2025-02-04,22:42:51,-08:00,2025-02-04T22:42:51-08:00,0,3
global.js,53,js,00000000,Not Committed Yet,2025-02-04,22:42:51,-08:00,2025-02-04T22:42:51-08:00,0,0
global.js,54,js,00000000,Not Committed Yet,2025-02-04,22:42:51,-08:00,2025-02-04T22:42:51-08:00,0,28
global.js,55,js,00000000,Not Committed Yet,2025-02-04,22:42:51,-08:00,2025-02-04T22:42:51-08:00,0,63
global.js,56,js,00000000,Not Committed Yet,2025-02-04,22:42:51,-08:00,2025-02-04T22:42:51-08:00,0,34
global.js,57,js,00000000,Not Committed Yet,2025-02-04,22:42:51,-08:00,2025-02-04T22:42:51-08:00,0,0
global.js,58,js,c1ed637b,Jesse Huang,2025-01-24,09:50:11,-08:00,2025-01-24T09:50:11-08:00,0,0
global.js,59,js,c1ed637b,Jesse Huang,2025-01-24,09:50:11,-08:00,2025-01-24T09:50:11-08:00,0,0
global.js,60,js,00000000,Not Committed Yet,2025-02-04,22:42:51,-08:00,2025-02-04T22:42:51-08:00,0,32
global.js,61,js,00000000,Not Committed Yet,2025-02-04,22:42:51,-08:00,2025-02-04T22:42:51-08:00,0,39
global.js,62,js,00000000,Not Committed Yet,2025-02-04,22:42:51,-08:00,2025-02-04T22:42:51-08:00,0,12
global.js,63,js,00000000,Not Committed Yet,2025-02-04,22:42:51,-08:00,2025-02-04T22:42:51-08:00,0,0
global.js,64,js,c1ed637b,Jesse Huang,2025-01-24,09:50:11,-08:00,2025-01-24T09:50:11-08:00,0,25
global.js,65,js,c1ed637b,Jesse Huang,2025-01-24,09:50:11,-08:00,2025-01-24T09:50:11-08:00,0,6
global.js,66,js,c1ed637b,Jesse Huang,2025-01-24,09:50:11,-08:00,2025-01-24T09:50:11-08:00,0,5
global.js,67,js,c1ed637b,Jesse Huang,2025-01-24,09:50:11,-08:00,2025-01-24T09:50:11-08:00,0,22
global.js,68,js,c1ed637b,Jesse Huang,2025-01-24,09:50:11,-08:00,2025-01-24T09:50:11-08:00,0,26
global.js,69,js,c1ed637b,Jesse Huang,2025-01-24,09:50:11,-08:00,2025-01-24T09:50:11-08:00,0,21
global.js,70,js,c1ed637b,Jesse Huang,2025-01-24,09:50:11,-08:00,2025-01-24T09:50:11-08:00,0,20
global.js,71,js,c1ed637b,Jesse Huang,2025-01-24,09:50:11,-08:00,2025-01-24T09:50:11-08:00,0,8
global.js,72,js,c1ed637b,Jesse Huang,2025-01-24,09:50:11,-08:00,2025-01-24T09:50:11-08:00,0,7
global.js,73,js,c1ed637b,Jesse Huang,2025-01-24,09:50:11,-08:00,2025-01-24T09:50:11-08:00,0,5
global.js,74,js,c1ed637b,Jesse Huang,2025-01-24,09:50:11,-08:00,2025-01-24T09:50:11-08:00,0,0
global.js,75,js,c1ed637b,Jesse Huang,2025-01-24,09:50:11,-08:00,2025-01-24T09:50:11-08:00,0,1
global.js,76,js,c1ed637b,Jesse Huang,2025-01-24,09:50:11,-08:00,2025-01-24T09:50:11-08:00,0,0
global.js,77,js,67b6c1bd,Jesse Huang,2025-01-31,22:44:08,-08:00,2025-01-31T22:44:08-08:00,0,113
global.js,78,js,c1ed637b,Jesse Huang,2025-01-24,09:50:11,-08:00,2025-01-24T09:50:11-08:00,0,0
global.js,79,js,00000000,Not Committed Yet,2025-02-04,22:42:51,-08:00,2025-02-04T22:42:51-08:00,0,55
global.js,80,js,00000000,Not Committed Yet,2025-02-04,22:42:51,-08:00,2025-02-04T22:42:51-08:00,0,89
global.js,81,js,00000000,Not Committed Yet,2025-02-04,22:42:51,-08:00,2025-02-04T22:42:51-08:00,0,42
global.js,82,js,00000000,Not Committed Yet,2025-02-04,22:42:51,-08:00,2025-02-04T22:42:51-08:00,0,14
global.js,83,js,00000000,Not Committed Yet,2025-02-04,22:42:51,-08:00,2025-02-04T22:42:51-08:00,0,31
global.js,84,js,00000000,Not Committed Yet,2025-02-04,22:42:51,-08:00,2025-02-04T22:42:51-08:00,0,61
global.js,85,js,00000000,Not Committed Yet,2025-02-04,22:42:51,-08:00,2025-02-04T22:42:51-08:00,0,61
global.js,86,js,c1ed637b,Jesse Huang,2025-01-24,09:50:11,-08:00,2025-01-24T09:50:11-08:00,0,2
global.js,87,js,c1ed637b,Jesse Huang,2025-01-24,09:50:11,-08:00,2025-01-24T09:50:11-08:00,0,0
global.js,88,js,00000000,Not Committed Yet,2025-02-04,22:42:51,-08:00,2025-02-04T22:42:51-08:00,0,35
global.js,89,js,00000000,Not Committed Yet,2025-02-04,22:42:51,-08:00,2025-02-04T22:42:51-08:00,0,41
global.js,90,js,00000000,Not Committed Yet,2025-02-04,22:42:51,-08:00,2025-02-04T22:42:51-08:00,0,140
global.js,91,js,00000000,Not Committed Yet,2025-02-04,22:42:51,-08:00,2025-02-04T22:42:51-08:00,0,110
global.js,92,js,00000000,Not Committed Yet,2025-02-04,22:42:51,-08:00,2025-02-04T22:42:51-08:00,0,33
global.js,93,js,c1ed637b,Jesse Huang,2025-01-24,09:50:11,-08:00,2025-01-24T09:50:11-08:00,0,0
global.js,94,js,c1ed637b,Jesse Huang,2025-01-24,09:50:11,-08:00,2025-01-24T09:50:11-08:00,0,0
global.js,95,js,c1ed637b,Jesse Huang,2025-01-24,09:50:11,-08:00,2025-01-24T09:50:11-08:00,0,94
global.js,96,js,c1ed637b,Jesse Huang,2025-01-24,09:50:11,-08:00,2025-01-24T09:50:11-08:00,0,0
global.js,97,js,00000000,Not Committed Yet,2025-02-04,22:42:51,-08:00,2025-02-04T22:42:51-08:00,0,55
global.js,98,js,00000000,Not Committed Yet,2025-02-04,22:42:51,-08:00,2025-02-04T22:42:51-08:00,0,44
global.js,99,js,00000000,Not Committed Yet,2025-02-04,22:42:51,-08:00,2025-02-04T22:42:51-08:00,0,77
global.js,100,js,00000000,Not Committed Yet,2025-02-04,22:42:51,-08:00,2025-02-04T22:42:51-08:00,0,36
global.js,101,js,c1ed637b,Jesse Huang,2025-01-24,09:50:11,-08:00,2025-01-24T09:50:11-08:00,0,0
global.js,102,js,00000000,Not Committed Yet,2025-02-04,22:42:51,-08:00,2025-02-04T22:42:51-08:00,0,36
global.js,103,js,c1ed637b,Jesse Huang,2025-01-24,09:50:11,-08:00,2025-01-24T09:50:11-08:00,0,0
global.js,104,js,00000000,Not Committed Yet,2025-02-04,22:42:51,-08:00,2025-02-04T22:42:51-08:00,0,32
global.js,105,js,00000000,Not Committed Yet,2025-02-04,22:42:51,-08:00,2025-02-04T22:42:51-08:00,0,55
global.js,106,js,00000000,Not Committed Yet,2025-02-04,22:42:51,-08:00,2025-02-04T22:42:51-08:00,0,24
global.js,107,js,00000000,Not Committed Yet,2025-02-04,22:42:51,-08:00,2025-02-04T22:42:51-08:00,0,64
global.js,108,js,00000000,Not Committed Yet,2025-02-04,22:42:51,-08:00,2025-02-04T22:42:51-08:00,0,7
global.js,109,js,00000000,Not Committed Yet,2025-02-04,22:42:51,-08:00,2025-02-04T22:42:51-08:00,0,75
global.js,110,js,00000000,Not Committed Yet,2025-02-04,22:42:51,-08:00,2025-02-04T22:42:51-08:00,0,0
global.js,111,js,00000000,Not Committed Yet,2025-02-04,22:42:51,-08:00,2025-02-04T22:42:51-08:00,0,0
global.js,112,js,00000000,Not Committed Yet,2025-02-04,22:42:51,-08:00,2025-02-04T22:42:51-08:00,0,0
global.js,113,js,00000000,Not Committed Yet,2025-02-04,22:42:51,-08:00,2025-02-04T22:42:51-08:00,0,23
global.js,114,js,67b6c1bd,Jesse Huang,2025-01-31,22:44:08,-08:00,2025-01-31T22:44:08-08:00,0,2
global.js,115,js,67b6c1bd,Jesse Huang,2025-01-31,22:44:08,-08:00,2025-01-31T22:44:08-08:00,0,0
global.js,116,js,67b6c1bd,Jesse Huang,2025-01-31,22:44:08,-08:00,2025-01-31T22:44:08-08:00,0,8
global.js,117,js,67b6c1bd,Jesse Huang,2025-01-31,22:44:08,-08:00,2025-01-31T22:44:08-08:00,0,37
global.js,118,js,00000000,Not Committed Yet,2025-02-04,22:42:51,-08:00,2025-02-04T22:42:51-08:00,0,4
global.js,119,js,00000000,Not Committed Yet,2025-02-04,22:42:51,-08:00,2025-02-04T22:42:51-08:00,0,40
global.js,120,js,00000000,Not Committed Yet,2025-02-04,22:42:51,-08:00,2025-02-04T22:42:51-08:00,0,33
global.js,121,js,67b6c1bd,Jesse Huang,2025-01-31,22:44:08,-08:00,2025-01-31T22:44:08-08:00,0,0
global.js,122,js,00000000,Not Committed Yet,2025-02-04,22:42:51,-08:00,2025-02-04T22:42:51-08:00,0,18
global.js,123,js,00000000,Not Committed Yet,2025-02-04,22:42:51,-08:00,2025-02-04T22:42:51-08:00,0,67
global.js,124,js,67b6c1bd,Jesse Huang,2025-01-31,22:44:08,-08:00,2025-01-31T22:44:08-08:00,0,0
global.js,125,js,00000000,Not Committed Yet,2025-02-04,22:42:51,-08:00,2025-02-04T22:42:51-08:00,0,24
global.js,126,js,00000000,Not Committed Yet,2025-02-04,22:42:51,-08:00,2025-02-04T22:42:51-08:00,0,34
global.js,127,js,00000000,Not Committed Yet,2025-02-04,22:42:51,-08:00,2025-02-04T22:42:51-08:00,0,11
global.js,128,js,00000000,Not Committed Yet,2025-02-04,22:42:51,-08:00,2025-02-04T22:42:51-08:00,0,16
global.js,129,js,00000000,Not Committed Yet,2025-02-04,22:42:51,-08:00,2025-02-04T22:42:51-08:00,0,60
global.js,130,js,00000000,Not Committed Yet,2025-02-04,22:42:51,-08:00,2025-02-04T22:42:51-08:00,0,0
global.js,131,js,67b6c1bd,Jesse Huang,2025-01-31,22:44:08,-08:00,2025-01-31T22:44:08-08:00,0,0
global.js,132,js,67b6c1bd,Jesse Huang,2025-01-31,22:44:08,-08:00,2025-01-31T22:44:08-08:00,0,0
global.js,133,js,67b6c1bd,Jesse Huang,2025-01-31,22:44:08,-08:00,2025-01-31T22:44:08-08:00,0,48
global.js,134,js,67b6c1bd,Jesse Huang,2025-01-31,22:44:08,-08:00,2025-01-31T22:44:08-08:00,0,0
global.js,135,js,67b6c1bd,Jesse Huang,2025-01-31,22:44:08,-08:00,2025-01-31T22:44:08-08:00,0,37
global.js,136,js,67b6c1bd,Jesse Huang,2025-01-31,22:44:08,-08:00,2025-01-31T22:44:08-08:00,0,110
global.js,137,js,67b6c1bd,Jesse Huang,2025-01-31,22:44:08,-08:00,2025-01-31T22:44:08-08:00,0,3
global.js,138,js,67b6c1bd,Jesse Huang,2025-01-31,22:44:08,-08:00,2025-01-31T22:44:08-08:00,0,0
global.js,139,js,67b6c1bd,Jesse Huang,2025-01-31,22:44:08,-08:00,2025-01-31T22:44:08-08:00,0,41
global.js,140,js,67b6c1bd,Jesse Huang,2025-01-31,22:44:08,-08:00,2025-01-31T22:44:08-08:00,0,70
global.js,141,js,67b6c1bd,Jesse Huang,2025-01-31,22:44:08,-08:00,2025-01-31T22:44:08-08:00,0,3
global.js,142,js,67b6c1bd,Jesse Huang,2025-01-31,22:44:08,-08:00,2025-01-31T22:44:08-08:00,0,0
global.js,143,js,00000000,Not Committed Yet,2025-02-04,22:42:51,-08:00,2025-02-04T22:42:51-08:00,0,30
global.js,144,js,00000000,Not Committed Yet,2025-02-04,22:42:51,-08:00,2025-02-04T22:42:51-08:00,0,8
global.js,145,js,00000000,Not Committed Yet,2025-02-04,22:42:51,-08:00,2025-02-04T22:42:51-08:00,0,16
global.js,146,js,00000000,Not Committed Yet,2025-02-04,22:42:51,-08:00,2025-02-04T22:42:51-08:00,0,18
global.js,147,js,00000000,Not Committed Yet,2025-02-04,22:42:51,-08:00,2025-02-04T22:42:51-08:00,0,2
global.js,148,js,00000000,Not Committed Yet,2025-02-04,22:42:51,-08:00,2025-02-04T22:42:51-08:00,0,67
global.js,149,js,00000000,Not Committed Yet,2025-02-04,22:42:51,-08:00,2025-02-04T22:42:51-08:00,0,57
global.js,150,js,00000000,Not Committed Yet,2025-02-04,22:42:51,-08:00,2025-02-04T22:42:51-08:00,0,0
global.js,151,js,00000000,Not Committed Yet,2025-02-04,22:42:51,-08:00,2025-02-04T22:42:51-08:00,0,45
global.js,152,js,00000000,Not Committed Yet,2025-02-04,22:42:51,-08:00,2025-02-04T22:42:51-08:00,0,46
global.js,153,js,00000000,Not Committed Yet,2025-02-04,22:42:51,-08:00,2025-02-04T22:42:51-08:00,0,13
global.js,154,js,00000000,Not Committed Yet,2025-02-04,22:42:51,-08:00,2025-02-04T22:42:51-08:00,0,3
global.js,155,js,00000000,Not Committed Yet,2025-02-04,22:42:51,-08:00,2025-02-04T22:42:51-08:00,0,0
global.js,156,js,00000000,Not Committed Yet,2025-02-04,22:42:51,-08:00,2025-02-04T22:42:51-08:00,0,30
global.js,157,js,00000000,Not Committed Yet,2025-02-04,22:42:51,-08:00,2025-02-04T22:42:51-08:00,0,34
global.js,158,js,00000000,Not Committed Yet,2025-02-04,22:42:51,-08:00,2025-02-04T22:42:51-08:00,0,44
global.js,159,js,67b6c1bd,Jesse Huang,2025-01-31,22:44:08,-08:00,2025-01-31T22:44:08-08:00,0,13
global.js,160,js,67b6c1bd,Jesse Huang,2025-01-31,22:44:08,-08:00,2025-01-31T22:44:08-08:00,0,3
global.js,161,js,67b6c1bd,Jesse Huang,2025-01-31,22:44:08,-08:00,2025-01-31T22:44:08-08:00,0,0
global.js,162,js,00000000,Not Committed Yet,2025-02-04,22:42:51,-08:00,2025-02-04T22:42:51-08:00,0,88
global.js,163,js,00000000,Not Committed Yet,2025-02-04,22:42:51,-08:00,2025-02-04T22:42:51-08:00,0,8
global.js,164,js,00000000,Not Committed Yet,2025-02-04,22:42:51,-08:00,2025-02-04T22:42:51-08:00,0,59
global.js,165,js,00000000,Not Committed Yet,2025-02-04,22:42:51,-08:00,2025-02-04T22:42:51-08:00,0,42
global.js,166,js,00000000,Not Committed Yet,2025-02-04,22:42:51,-08:00,2025-02-04T22:42:51-08:00,0,35
global.js,167,js,00000000,Not Committed Yet,2025-02-04,22:42:51,-08:00,2025-02-04T22:42:51-08:00,0,7
global.js,168,js,00000000,Not Committed Yet,2025-02-04,22:42:51,-08:00,2025-02-04T22:42:51-08:00,0,48
global.js,169,js,00000000,Not Committed Yet,2025-02-04,22:42:51,-08:00,2025-02-04T22:42:51-08:00,0,30
global.js,170,js,00000000,Not Committed Yet,2025-02-04,22:42:51,-08:00,2025-02-04T22:42:51-08:00,0,30
global.js,171,js,00000000,Not Committed Yet,2025-02-04,22:42:51,-08:00,2025-02-04T22:42:51-08:00,0,31
global.js,172,js,00000000,Not Committed Yet,2025-02-04,22:42:51,-08:00,2025-02-04T22:42:51-08:00,0,13
global.js,173,js,00000000,Not Committed Yet,2025-02-04,22:42:51,-08:00,2025-02-04T22:42:51-08:00,0,47
global.js,174,js,00000000,Not Committed Yet,2025-02-04,22:42:51,-08:00,2025-02-04T22:42:51-08:00,0,45
global.js,175,js,00000000,Not Committed Yet,2025-02-04,22:42:51,-08:00,2025-02-04T22:42:51-08:00,0,32
global.js,176,js,00000000,Not Committed Yet,2025-02-04,22:42:51,-08:00,2025-02-04T22:42:51-08:00,0,6
global.js,177,js,00000000,Not Committed Yet,2025-02-04,22:42:51,-08:00,2025-02-04T22:42:51-08:00,0,47
global.js,178,js,00000000,Not Committed Yet,2025-02-04,22:42:51,-08:00,2025-02-04T22:42:51-08:00,0,38
global.js,179,js,00000000,Not Committed Yet,2025-02-04,22:42:51,-08:00,2025-02-04T22:42:51-08:00,0,32
global.js,180,js,00000000,Not Committed Yet,2025-02-04,22:42:51,-08:00,2025-02-04T22:42:51-08:00,0,0
global.js,181,js,00000000,Not Committed Yet,2025-02-04,22:42:51,-08:00,2025-02-04T22:42:51-08:00,0,23
global.js,182,js,00000000,Not Committed Yet,2025-02-04,22:42:51,-08:00,2025-02-04T22:42:51-08:00,0,51
global.js,183,js,00000000,Not Committed Yet,2025-02-04,22:42:51,-08:00,2025-02-04T22:42:51-08:00,0,77
global.js,184,js,00000000,Not Committed Yet,2025-02-04,22:42:51,-08:00,2025-02-04T22:42:51-08:00,0,55
global.js,185,js,00000000,Not Committed Yet,2025-02-04,22:42:51,-08:00,2025-02-04T22:42:51-08:00,0,24
global.js,186,js,00000000,Not Committed Yet,2025-02-04,22:42:51,-08:00,2025-02-04T22:42:51-08:00,0,0
global.js,187,js,00000000,Not Committed Yet,2025-02-04,22:42:51,-08:00,2025-02-04T22:42:51-08:00,0,37
global.js,188,js,00000000,Not Committed Yet,2025-02-04,22:42:51,-08:00,2025-02-04T22:42:51-08:00,0,0
global.js,189,js,00000000,Not Committed Yet,2025-02-04,22:42:51,-08:00,2025-02-04T22:42:51-08:00,0,0
global.js,190,js,67b6c1bd,Jesse Huang,2025-01-31,22:44:08,-08:00,2025-01-31T22:44:08-08:00,0,0
global.js,191,js,67b6c1bd,Jesse Huang,2025-01-31,22:44:08,-08:00,2025-01-31T22:44:08-08:00,0,41
global.js,192,js,00000000,Not Committed Yet,2025-02-04,22:42:51,-08:00,2025-02-04T22:42:51-08:00,0,113
global.js,193,js,00000000,Not Committed Yet,2025-02-04,22:42:51,-08:00,2025-02-04T22:42:51-08:00,0,56
global.js,194,js,00000000,Not Committed Yet,2025-02-04,22:42:51,-08:00,2025-02-04T22:42:51-08:00,0,0
global.js,195,js,67b6c1bd,Jesse Huang,2025-01-31,22:44:08,-08:00,2025-01-31T22:44:08-08:00,0,0
global.js,196,js,00000000,Not Committed Yet,2025-02-04,22:42:51,-08:00,2025-02-04T22:42:51-08:00,0,48
global.js,197,js,00000000,Not Committed Yet,2025-02-04,22:42:51,-08:00,2025-02-04T22:42:51-08:00,0,92
global.js,198,js,00000000,Not Committed Yet,2025-02-04,22:42:51,-08:00,2025-02-04T22:42:51-08:00,0,136
global.js,199,js,00000000,Not Committed Yet,2025-02-04,22:42:51,-08:00,2025-02-04T22:42:51-08:00,0,0
projects/projects.js,1,js,67b6c1bd,Jesse Huang,2025-01-31,22:44:08,-08:00,2025-01-31T22:44:08-08:00,0,72
projects/projects.js,2,js,67b6c1bd,Jesse Huang,2025-01-31,22:44:08,-08:00,2025-01-31T22:44:08-08:00,0,0
projects/projects.js,3,js,67b6c1bd,Jesse Huang,2025-01-31,22:44:08,-08:00,2025-01-31T22:44:08-08:00,0,56
projects/projects.js,4,js,67b6c1bd,Jesse Huang,2025-01-31,22:44:08,-08:00,2025-01-31T22:44:08-08:00,0,61
projects/projects.js,5,js,67b6c1bd,Jesse Huang,2025-01-31,22:44:08,-08:00,2025-01-31T22:44:08-08:00,0,0
projects/projects.js,6,js,67b6c1bd,Jesse Huang,2025-01-31,22:44:08,-08:00,2025-01-31T22:44:08-08:00,0,49
projects/projects.js,7,js,67b6c1bd,Jesse Huang,2025-01-31,22:44:08,-08:00,2025-01-31T22:44:08-08:00,0,24
projects/projects.js,8,js,67b6c1bd,Jesse Huang,2025-01-31,22:44:08,-08:00,2025-01-31T22:44:08-08:00,0,0
projects/projects.js,9,js,f5d546b4,Jesse Huang,2025-02-04,09:35:21,-08:00,2025-02-04T09:35:21-08:00,0,130
projects/projects.js,10,js,67b6c1bd,Jesse Huang,2025-01-31,22:44:08,-08:00,2025-01-31T22:44:08-08:00,0,26
projects/projects.js,11,js,67b6c1bd,Jesse Huang,2025-01-31,22:44:08,-08:00,2025-01-31T22:44:08-08:00,0,20
projects/projects.js,12,js,67b6c1bd,Jesse Huang,2025-01-31,22:44:08,-08:00,2025-01-31T22:44:08-08:00,0,28
projects/projects.js,13,js,67b6c1bd,Jesse Huang,2025-01-31,22:44:08,-08:00,2025-01-31T22:44:08-08:00,0,50
projects/projects.js,14,js,67b6c1bd,Jesse Huang,2025-01-31,22:44:08,-08:00,2025-01-31T22:44:08-08:00,0,0
projects/projects.js,15,js,67b6c1bd,Jesse Huang,2025-01-31,22:44:08,-08:00,2025-01-31T22:44:08-08:00,0,0
projects/projects.js,16,js,67b6c1bd,Jesse Huang,2025-01-31,22:44:08,-08:00,2025-01-31T22:44:08-08:00,0,32
projects/projects.js,17,js,67b6c1bd,Jesse Huang,2025-01-31,22:44:08,-08:00,2025-01-31T22:44:08-08:00,0,20
projects/projects.js,18,js,67b6c1bd,Jesse Huang,2025-01-31,22:44:08,-08:00,2025-01-31T22:44:08-08:00,0,16
projects/projects.js,19,js,67b6c1bd,Jesse Huang,2025-01-31,22:44:08,-08:00,2025-01-31T22:44:08-08:00,0,0
projects/projects.js,20,js,67b6c1bd,Jesse Huang,2025-01-31,22:44:08,-08:00,2025-01-31T22:44:08-08:00,0,23
projects/projects.js,21,js,67b6c1bd,Jesse Huang,2025-01-31,22:44:08,-08:00,2025-01-31T22:44:08-08:00,0,15
projects/projects.js,22,js,67b6c1bd,Jesse Huang,2025-01-31,22:44:08,-08:00,2025-01-31T22:44:08-08:00,0,3
projects/projects.js,23,js,67b6c1bd,Jesse Huang,2025-01-31,22:44:08,-08:00,2025-01-31T22:44:08-08:00,0,0
projects/projects.js,24,js,67b6c1bd,Jesse Huang,2025-01-31,22:44:08,-08:00,2025-01-31T22:44:08-08:00,0,16
projects/projects.js,25,js,67b6c1bd,Jesse Huang,2025-01-31,22:44:08,-08:00,2025-01-31T22:44:08-08:00,0,19
projects/projects.js,26,js,67b6c1bd,Jesse Huang,2025-01-31,22:44:08,-08:00,2025-01-31T22:44:08-08:00,0,0
projects/projects.js,27,js,67b6c1bd,Jesse Huang,2025-01-31,22:44:08,-08:00,2025-01-31T22:44:08-08:00,0,23
projects/projects.js,28,js,67b6c1bd,Jesse Huang,2025-01-31,22:44:08,-08:00,2025-01-31T22:44:08-08:00,0,53
projects/projects.js,29,js,67b6c1bd,Jesse Huang,2025-01-31,22:44:08,-08:00,2025-01-31T22:44:08-08:00,0,50
projects/projects.js,30,js,67b6c1bd,Jesse Huang,2025-01-31,22:44:08,-08:00,2025-01-31T22:44:08-08:00,0,21
projects/projects.js,31,js,67b6c1bd,Jesse Huang,2025-01-31,22:44:08,-08:00,2025-01-31T22:44:08-08:00,0,3
projects/projects.js,32,js,67b6c1bd,Jesse Huang,2025-01-31,22:44:08,-08:00,2025-01-31T22:44:08-08:00,0,0
projects/projects.js,33,js,67b6c1bd,Jesse Huang,2025-01-31,22:44:08,-08:00,2025-01-31T22:44:08-08:00,0,134
projects/projects.js,34,js,67b6c1bd,Jesse Huang,2025-01-31,22:44:08,-08:00,2025-01-31T22:44:08-08:00,0,0
projects/projects.js,35,js,67b6c1bd,Jesse Huang,2025-01-31,22:44:08,-08:00,2025-01-31T22:44:08-08:00,0,0
projects/projects.js,36,js,67b6c1bd,Jesse Huang,2025-01-31,22:44:08,-08:00,2025-01-31T22:44:08-08:00,0,73
projects/projects.js,37,js,67b6c1bd,Jesse Huang,2025-01-31,22:44:08,-08:00,2025-01-31T22:44:08-08:00,0,33
projects/projects.js,38,js,f5d546b4,Jesse Huang,2025-02-04,09:35:21,-08:00,2025-02-04T09:35:21-08:00,0,30
projects/projects.js,39,js,f5d546b4,Jesse Huang,2025-02-04,09:35:21,-08:00,2025-02-04T09:35:21-08:00,0,15
projects/projects.js,40,js,f5d546b4,Jesse Huang,2025-02-04,09:35:21,-08:00,2025-02-04T09:35:21-08:00,0,22
projects/projects.js,41,js,f5d546b4,Jesse Huang,2025-02-04,09:35:21,-08:00,2025-02-04T09:35:21-08:00,0,20
projects/projects.js,42,js,f5d546b4,Jesse Huang,2025-02-04,09:35:21,-08:00,2025-02-04T09:35:21-08:00,0,4
projects/projects.js,43,js,67b6c1bd,Jesse Huang,2025-01-31,22:44:08,-08:00,2025-01-31T22:44:08-08:00,0,0
projects/projects.js,44,js,f5d546b4,Jesse Huang,2025-02-04,09:35:21,-08:00,2025-02-04T09:35:21-08:00,0,51
projects/projects.js,45,js,f5d546b4,Jesse Huang,2025-02-04,09:35:21,-08:00,2025-02-04T09:35:21-08:00,0,43
projects/projects.js,46,js,f5d546b4,Jesse Huang,2025-02-04,09:35:21,-08:00,2025-02-04T09:35:21-08:00,0,5
projects/projects.js,47,js,67b6c1bd,Jesse Huang,2025-01-31,22:44:08,-08:00,2025-01-31T22:44:08-08:00,0,0
projects/projects.js,48,js,67b6c1bd,Jesse Huang,2025-01-31,22:44:08,-08:00,2025-01-31T22:44:08-08:00,0,0
projects/projects.js,49,js,f5d546b4,Jesse Huang,2025-02-04,09:35:21,-08:00,2025-02-04T09:35:21-08:00,0,90
projects/projects.js,50,js,f5d546b4,Jesse Huang,2025-02-04,09:35:21,-08:00,2025-02-04T09:35:21-08:00,0,40
projects/projects.js,51,js,f5d546b4,Jesse Huang,2025-02-04,09:35:21,-08:00,2025-02-04T09:35:21-08:00,0,49
projects/projects.js,52,js,67b6c1bd,Jesse Huang,2025-01-31,22:44:08,-08:00,2025-01-31T22:44:08-08:00,0,0
projects/projects.js,53,js,f5d546b4,Jesse Huang,2025-02-04,09:35:21,-08:00,2025-02-04T09:35:21-08:00,0,63
projects/projects.js,54,js,f5d546b4,Jesse Huang,2025-02-04,09:35:21,-08:00,2025-02-04T09:35:21-08:00,0,42
projects/projects.js,55,js,f5d546b4,Jesse Huang,2025-02-04,09:35:21,-08:00,2025-02-04T09:35:21-08:00,0,49
projects/projects.js,56,js,f5d546b4,Jesse Huang,2025-02-04,09:35:21,-08:00,2025-02-04T09:35:21-08:00,0,123
projects/projects.js,57,js,67b6c1bd,Jesse Huang,2025-01-31,22:44:08,-08:00,2025-01-31T22:44:08-08:00,0,0
projects/projects.js,58,js,67b6c1bd,Jesse Huang,2025-01-31,22:44:08,-08:00,2025-01-31T22:44:08-08:00,0,0
projects/projects.js,59,js,f5d546b4,Jesse Huang,2025-02-04,09:35:21,-08:00,2025-02-04T09:35:21-08:00,0,8
projects/projects.js,60,js,f5d546b4,Jesse Huang,2025-02-04,09:35:21,-08:00,2025-02-04T09:35:21-08:00,0,22
projects/projects.js,61,js,67b6c1bd,Jesse Huang,2025-01-31,22:44:08,-08:00,2025-01-31T22:44:08-08:00,0,0
projects/projects.js,62,js,f5d546b4,Jesse Huang,2025-02-04,09:35:21,-08:00,2025-02-04T09:35:21-08:00,0,41
projects/projects.js,63,js,f5d546b4,Jesse Huang,2025-02-04,09:35:21,-08:00,2025-02-04T09:35:21-08:00,0,73
projects/projects.js,64,js,f5d546b4,Jesse Huang,2025-02-04,09:35:21,-08:00,2025-02-04T09:35:21-08:00,0,57
projects/projects.js,65,js,f5d546b4,Jesse Huang,2025-02-04,09:35:21,-08:00,2025-02-04T09:35:21-08:00,0,0
projects/projects.js,66,js,f5d546b4,Jesse Huang,2025-02-04,09:35:21,-08:00,2025-02-04T09:35:21-08:00,0,38
projects/projects.js,67,js,f5d546b4,Jesse Huang,2025-02-04,09:35:21,-08:00,2025-02-04T09:35:21-08:00,0,43
projects/projects.js,68,js,f5d546b4,Jesse Huang,2025-02-04,09:35:21,-08:00,2025-02-04T09:35:21-08:00,0,0
projects/projects.js,69,js,f5d546b4,Jesse Huang,2025-02-04,09:35:21,-08:00,2025-02-04T09:35:21-08:00,0,49
projects/projects.js,70,js,f5d546b4,Jesse Huang,2025-02-04,09:35:21,-08:00,2025-02-04T09:35:21-08:00,0,151
projects/projects.js,71,js,f5d546b4,Jesse Huang,2025-02-04,09:35:21,-08:00,2025-02-04T09:35:21-08:00,0,0
projects/projects.js,72,js,f5d546b4,Jesse Huang,2025-02-04,09:35:21,-08:00,2025-02-04T09:35:21-08:00,0,78
projects/projects.js,73,js,f5d546b4,Jesse Huang,2025-02-04,09:35:21,-08:00,2025-02-04T09:35:21-08:00,0,40
projects/projects.js,74,js,f5d546b4,Jesse Huang,2025-02-04,09:35:21,-08:00,2025-02-04T09:35:21-08:00,0,46
projects/projects.js,75,js,f5d546b4,Jesse Huang,2025-02-04,09:35:21,-08:00,2025-02-04T09:35:21-08:00,0,22
projects/projects.js,76,js,f5d546b4,Jesse Huang,2025-02-04,09:35:21,-08:00,2025-02-04T09:35:21-08:00,0,49
projects/projects.js,77,js,f5d546b4,Jesse Huang,2025-02-04,09:35:21,-08:00,2025-02-04T09:35:21-08:00,0,15
projects/projects.js,78,js,f5d546b4,Jesse Huang,2025-02-04,09:35:21,-08:00,2025-02-04T09:35:21-08:00,0,12
projects/projects.js,79,js,f5d546b4,Jesse Huang,2025-02-04,09:35:21,-08:00,2025-02-04T09:35:21-08:00,0,0
projects/projects.js,80,js,f5d546b4,Jesse Huang,2025-02-04,09:35:21,-08:00,2025-02-04T09:35:21-08:00,0,71
projects/projects.js,81,js,f5d546b4,Jesse Huang,2025-02-04,09:35:21,-08:00,2025-02-04T09:35:21-08:00,0,61
projects/projects.js,82,js,f5d546b4,Jesse Huang,2025-02-04,09:35:21,-08:00,2025-02-04T09:35:21-08:00,0,95
projects/projects.js,83,js,f5d546b4,Jesse Huang,2025-02-04,09:35:21,-08:00,2025-02-04T09:35:21-08:00,0,72
projects/projects.js,84,js,f5d546b4,Jesse Huang,2025-02-04,09:35:21,-08:00,2025-02-04T09:35:21-08:00,0,18
projects/projects.js,85,js,f5d546b4,Jesse Huang,2025-02-04,09:35:21,-08:00,2025-02-04T09:35:21-08:00,0,142
projects/projects.js,86,js,f5d546b4,Jesse Huang,2025-02-04,09:35:21,-08:00,2025-02-04T09:35:21-08:00,0,11
projects/projects.js,87,js,f5d546b4,Jesse Huang,2025-02-04,09:35:21,-08:00,2025-02-04T09:35:21-08:00,0,9
projects/projects.js,88,js,f5d546b4,Jesse Huang,2025-02-04,09:35:21,-08:00,2025-02-04T09:35:21-08:00,0,0
projects/projects.js,89,js,f5d546b4,Jesse Huang,2025-02-04,09:35:21,-08:00,2025-02-04T09:35:21-08:00,0,27
projects/projects.js,90,js,f5d546b4,Jesse Huang,2025-02-04,09:35:21,-08:00,2025-02-04T09:35:21-08:00,0,44
projects/projects.js,91,js,f5d546b4,Jesse Huang,2025-02-04,09:35:21,-08:00,2025-02-04T09:35:21-08:00,0,49
projects/projects.js,92,js,f5d546b4,Jesse Huang,2025-02-04,09:35:21,-08:00,2025-02-04T09:35:21-08:00,0,0
projects/projects.js,93,js,f5d546b4,Jesse Huang,2025-02-04,09:35:21,-08:00,2025-02-04T09:35:21-08:00,0,31
projects/projects.js,94,js,f5d546b4,Jesse Huang,2025-02-04,09:35:21,-08:00,2025-02-04T09:35:21-08:00,0,50
projects/projects.js,95,js,f5d546b4,Jesse Huang,2025-02-04,09:35:21,-08:00,2025-02-04T09:35:21-08:00,0,34
projects/projects.js,96,js,f5d546b4,Jesse Huang,2025-02-04,09:35:21,-08:00,2025-02-04T09:35:21-08:00,0,47
projects/projects.js,97,js,67b6c1bd,Jesse Huang,2025-01-31,22:44:08,-08:00,2025-01-31T22:44:08-08:00,0,0
projects/projects.js,98,js,f5d546b4,Jesse Huang,2025-02-04,09:35:21,-08:00,2025-02-04T09:35:21-08:00,0,43
projects/projects.js,99,js,f5d546b4,Jesse Huang,2025-02-04,09:35:21,-08:00,2025-02-04T09:35:21-08:00,0,29
projects/projects.js,100,js,67b6c1bd,Jesse Huang,2025-01-31,22:44:08,-08:00,2025-01-31T22:44:08-08:00,0,0
projects/projects.js,101,js,f5d546b4,Jesse Huang,2025-02-04,09:35:21,-08:00,2025-02-04T09:35:21-08:00,0,32
projects/projects.js,102,js,f5d546b4,Jesse Huang,2025-02-04,09:35:21,-08:00,2025-02-04T09:35:21-08:00,0,75
projects/projects.js,103,js,67b6c1bd,Jesse Huang,2025-01-31,22:44:08,-08:00,2025-01-31T22:44:08-08:00,0,0
projects/projects.js,104,js,f5d546b4,Jesse Huang,2025-02-04,09:35:21,-08:00,2025-02-04T09:35:21-08:00,0,29
projects/projects.js,105,js,f5d546b4,Jesse Huang,2025-02-04,09:35:21,-08:00,2025-02-04T09:35:21-08:00,0,28
projects/projects.js,106,js,f5d546b4,Jesse Huang,2025-02-04,09:35:21,-08:00,2025-02-04T09:35:21-08:00,0,4
projects/projects.js,107,js,67b6c1bd,Jesse Huang,2025-01-31,22:44:08,-08:00,2025-01-31T22:44:08-08:00,0,0
projects/projects.js,108,js,67b6c1bd,Jesse Huang,2025-01-31,22:44:08,-08:00,2025-01-31T22:44:08-08:00,0,0
projects/projects.js,109,js,67b6c1bd,Jesse Huang,2025-01-31,22:44:08,-08:00,2025-01-31T22:44:08-08:00,0,0
projects/projects.js,110,js,f5d546b4,Jesse Huang,2025-02-04,09:35:21,-08:00,2025-02-04T09:35:21-08:00,0,60
projects/projects.js,111,js,f5d546b4,Jesse Huang,2025-02-04,09:35:21,-08:00,2025-02-04T09:35:21-08:00,0,17
projects/projects.js,112,js,67b6c1bd,Jesse Huang,2025-01-31,22:44:08,-08:00,2025-01-31T22:44:08-08:00,0,0
projects/projects.js,113,js,f5d546b4,Jesse Huang,2025-02-04,09:35:21,-08:00,2025-02-04T09:35:21-08:00,0,31
projects/projects.js,114,js,f5d546b4,Jesse Huang,2025-02-04,09:35:21,-08:00,2025-02-04T09:35:21-08:00,0,23
projects/projects.js,115,js,f5d546b4,Jesse Huang,2025-02-04,09:35:21,-08:00,2025-02-04T09:35:21-08:00,0,39
projects/projects.js,116,js,f5d546b4,Jesse Huang,2025-02-04,09:35:21,-08:00,2025-02-04T09:35:21-08:00,0,3
projects/projects.js,117,js,67b6c1bd,Jesse Huang,2025-01-31,22:44:08,-08:00,2025-01-31T22:44:08-08:00,0,0
projects/projects.js,118,js,f5d546b4,Jesse Huang,2025-02-04,09:35:21,-08:00,2025-02-04T09:35:21-08:00,0,59
projects/projects.js,119,js,67b6c1bd,Jesse Huang,2025-01-31,22:44:08,-08:00,2025-01-31T22:44:08-08:00,0,0
projects/projects.js,120,js,f5d546b4,Jesse Huang,2025-02-04,09:35:21,-08:00,2025-02-04T09:35:21-08:00,0,53
projects/projects.js,121,js,f5d546b4,Jesse Huang,2025-02-04,09:35:21,-08:00,2025-02-04T09:35:21-08:00,0,35
projects/projects.js,122,js,f5d546b4,Jesse Huang,2025-02-04,09:35:21,-08:00,2025-02-04T09:35:21-08:00,0,5
projects/projects.js,123,js,67b6c1bd,Jesse Huang,2025-01-31,22:44:08,-08:00,2025-01-31T22:44:08-08:00,0,0
projects/projects.js,124,js,f5d546b4,Jesse Huang,2025-02-04,09:35:21,-08:00,2025-02-04T09:35:21-08:00,0,42
projects/projects.js,125,js,f5d546b4,Jesse Huang,2025-02-04,09:35:21,-08:00,2025-02-04T09:35:21-08:00,0,59
projects/projects.js,126,js,67b6c1bd,Jesse Huang,2025-01-31,22:44:08,-08:00,2025-01-31T22:44:08-08:00,0,0
projects/projects.js,127,js,f5d546b4,Jesse Huang,2025-02-04,09:35:21,-08:00,2025-02-04T09:35:21-08:00,0,169
projects/projects.js,128,js,f5d546b4,Jesse Huang,2025-02-04,09:35:21,-08:00,2025-02-04T09:35:21-08:00,0,53
projects/projects.js,129,js,67b6c1bd,Jesse Huang,2025-01-31,22:44:08,-08:00,2025-01-31T22:44:08-08:00,0,0
projects/projects.js,130,js,f5d546b4,Jesse Huang,2025-02-04,09:35:21,-08:00,2025-02-04T09:35:21-08:00,0,9
projects/projects.js,131,js,f5d546b4,Jesse Huang,2025-02-04,09:35:21,-08:00,2025-02-04T09:35:21-08:00,0,3
projects/projects.js,132,js,f5d546b4,Jesse Huang,2025-02-04,09:35:21,-08:00,2025-02-04T09:35:21-08:00,0,0
projects/projects.js,133,js,f5d546b4,Jesse Huang,2025-02-04,09:35:21,-08:00,2025-02-04T09:35:21-08:00,0,61
projects/projects.js,134,js,f5d546b4,Jesse Huang,2025-02-04,09:35:21,-08:00,2025-02-04T09:35:21-08:00,0,42
projects/projects.js,135,js,f5d546b4,Jesse Huang,2025-02-04,09:35:21,-08:00,2025-02-04T09:35:21-08:00,0,27
projects/projects.js,136,js,f5d546b4,Jesse Huang,2025-02-04,09:35:21,-08:00,2025-02-04T09:35:21-08:00,0,16
projects/projects.js,137,js,f5d546b4,Jesse Huang,2025-02-04,09:35:21,-08:00,2025-02-04T09:35:21-08:00,0,15
projects/projects.js,138,js,f5d546b4,Jesse Huang,2025-02-04,09:35:21,-08:00,2025-02-04T09:35:21-08:00,0,13
projects/projects.js,139,js,f5d546b4,Jesse Huang,2025-02-04,09:35:21,-08:00,2025-02-04T09:35:21-08:00,0,1
projects/projects.js,140,js,f5d546b4,Jesse Huang,2025-02-04,09:35:21,-08:00,2025-02-04T09:35:21-08:00,0,0
projects/projects.js,141,js,f5d546b4,Jesse Huang,2025-02-04,09:35:21,-08:00,2025-02-04T09:35:21-08:00,0,46
projects/projects.js,142,js,f5d546b4,Jesse Huang,2025-02-04,09:35:21,-08:00,2025-02-04T09:35:21-08:00,0,12
projects/projects.js,143,js,f5d546b4,Jesse Huang,2025-02-04,09:35:21,-08:00,2025-02-04T09:35:21-08:00,0,11
projects/projects.js,144,js,f5d546b4,Jesse Huang,2025-02-04,09:35:21,-08:00,2025-02-04T09:35:21-08:00,0,3
projects/projects.js,145,js,f5d546b4,Jesse Huang,2025-02-04,09:35:21,-08:00,2025-02-04T09:35:21-08:00,0,0
projects/projects.js,146,js,f5d546b4,Jesse Huang,2025-02-04,09:35:21,-08:00,2025-02-04T09:35:21-08:00,0,58
projects/projects.js,147,js,f5d546b4,Jesse Huang,2025-02-04,09:35:21,-08:00,2025-02-04T09:35:21-08:00,0,51
projects/projects.js,148,js,f5d546b4,Jesse Huang,2025-02-04,09:35:21,-08:00,2025-02-04T09:35:21-08:00,0,34
projects/projects.js,149,js,f5d546b4,Jesse Huang,2025-02-04,09:35:21,-08:00,2025-02-04T09:35:21-08:00,0,46
projects/projects.js,150,js,f5d546b4,Jesse Huang,2025-02-04,09:35:21,-08:00,2025-02-04T09:35:21-08:00,0,48
projects/projects.js,151,js,f5d546b4,Jesse Huang,2025-02-04,09:35:21,-08:00,2025-02-04T09:35:21-08:00,0,0
projects/projects.js,152,js,f5d546b4,Jesse Huang,2025-02-04,09:35:21,-08:00,2025-02-04T09:35:21-08:00,0,33
projects/projects.js,153,js,f5d546b4,Jesse Huang,2025-02-04,09:35:21,-08:00,2025-02-04T09:35:21-08:00,0,31
projects/projects.js,154,js,f5d546b4,Jesse Huang,2025-02-04,09:35:21,-08:00,2025-02-04T09:35:21-08:00,0,0
projects/projects.js,155,js,f5d546b4,Jesse Huang,2025-02-04,09:35:21,-08:00,2025-02-04T09:35:21-08:00,0,26
projects/projects.js,156,js,f5d546b4,Jesse Huang,2025-02-04,09:35:21,-08:00,2025-02-04T09:35:21-08:00,0,30
projects/projects.js,157,js,f5d546b4,Jesse Huang,2025-02-04,09:35:21,-08:00,2025-02-04T09:35:21-08:00,0,25
projects/projects.js,158,js,f5d546b4,Jesse Huang,2025-02-04,09:35:21,-08:00,2025-02-04T09:35:21-08:00,0,2
projects/projects.js,159,js,f5d546b4,Jesse Huang,2025-02-04,09:35:21,-08:00,2025-02-04T09:35:21-08:00,0,14
projects/projects.js,160,js,f5d546b4,Jesse Huang,2025-02-04,09:35:21,-08:00,2025-02-04T09:35:21-08:00,0,14
projects/projects.js,161,js,f5d546b4,Jesse Huang,2025-02-04,09:35:21,-08:00,2025-02-04T09:35:21-08:00,0,23
projects/projects.js,162,js,f5d546b4,Jesse Huang,2025-02-04,09:35:21,-08:00,2025-02-04T09:35:21-08:00,0,19
projects/projects.js,163,js,f5d546b4,Jesse Huang,2025-02-04,09:35:21,-08:00,2025-02-04T09:35:21-08:00,0,44
projects/projects.js,164,js,f5d546b4,Jesse Huang,2025-02-04,09:35:21,-08:00,2025-02-04T09:35:21-08:00,0,0
projects/projects.js,165,js,f5d546b4,Jesse Huang,2025-02-04,09:35:21,-08:00,2025-02-04T09:35:21-08:00,0,2
projects/projects.js,166,js,f5d546b4,Jesse Huang,2025-02-04,09:35:21,-08:00,2025-02-04T09:35:21-08:00,0,17
projects/projects.js,167,js,f5d546b4,Jesse Huang,2025-02-04,09:35:21,-08:00,2025-02-04T09:35:21-08:00,0,69
projects/projects.js,168,js,f5d546b4,Jesse Huang,2025-02-04,09:35:21,-08:00,2025-02-04T09:35:21-08:00,0,0
projects/projects.js,169,js,f5d546b4,Jesse Huang,2025-02-04,09:35:21,-08:00,2025-02-04T09:35:21-08:00,0,5
projects/projects.js,170,js,f5d546b4,Jesse Huang,2025-02-04,09:35:21,-08:00,2025-02-04T09:35:21-08:00,0,15
projects/projects.js,171,js,f5d546b4,Jesse Huang,2025-02-04,09:35:21,-08:00,2025-02-04T09:35:21-08:00,0,69
projects/projects.js,172,js,f5d546b4,Jesse Huang,2025-02-04,09:35:21,-08:00,2025-02-04T09:35:21-08:00,0,0
projects/projects.js,173,js,f5d546b4,Jesse Huang,2025-02-04,09:35:21,-08:00,2025-02-04T09:35:21-08:00,0,26
projects/projects.js,174,js,f5d546b4,Jesse Huang,2025-02-04,09:35:21,-08:00,2025-02-04T09:35:21-08:00,0,49
projects/projects.js,175,js,f5d546b4,Jesse Huang,2025-02-04,09:35:21,-08:00,2025-02-04T09:35:21-08:00,0,7
projects/projects.js,176,js,f5d546b4,Jesse Huang,2025-02-04,09:35:21,-08:00,2025-02-04T09:35:21-08:00,0,38
projects/projects.js,177,js,f5d546b4,Jesse Huang,2025-02-04,09:35:21,-08:00,2025-02-04T09:35:21-08:00,0,68
projects/projects.js,178,js,f5d546b4,Jesse Huang,2025-02-04,09:35:21,-08:00,2025-02-04T09:35:21-08:00,0,61
projects/projects.js,179,js,f5d546b4,Jesse Huang,2025-02-04,09:35:21,-08:00,2025-02-04T09:35:21-08:00,0,0
projects/projects.js,180,js,f5d546b4,Jesse Huang,2025-02-04,09:35:21,-08:00,2025-02-04T09:35:21-08:00,0,2
projects/projects.js,181,js,f5d546b4,Jesse Huang,2025-02-04,09:35:21,-08:00,2025-02-04T09:35:21-08:00,0,2
projects/projects.js,182,js,f5d546b4,Jesse Huang,2025-02-04,09:35:21,-08:00,2025-02-04T09:35:21-08:00,0,0
projects/projects.js,183,js,f5d546b4,Jesse Huang,2025-02-04,09:35:21,-08:00,2025-02-04T09:35:21-08:00,0,25
projects/projects.js,184,js,f5d546b4,Jesse Huang,2025-02-04,09:35:21,-08:00,2025-02-04T09:35:21-08:00,0,5
projects/projects.js,185,js,f5d546b4,Jesse Huang,2025-02-04,09:35:21,-08:00,2025-02-04T09:35:21-08:00,0,12
projects/projects.js,186,js,f5d546b4,Jesse Huang,2025-02-04,09:35:21,-08:00,2025-02-04T09:35:21-08:00,0,28
projects/projects.js,187,js,f5d546b4,Jesse Huang,2025-02-04,09:35:21,-08:00,2025-02-04T09:35:21-08:00,0,94
projects/projects.js,188,js,f5d546b4,Jesse Huang,2025-02-04,09:35:21,-08:00,2025-02-04T09:35:21-08:00,0,100
projects/projects.js,189,js,f5d546b4,Jesse Huang,2025-02-04,09:35:21,-08:00,2025-02-04T09:35:21-08:00,0,2
projects/projects.js,190,js,67b6c1bd,Jesse Huang,2025-01-31,22:44:08,-08:00,2025-01-31T22:44:08-08:00,0,0
projects/projects.js,191,js,67b6c1bd,Jesse Huang,2025-01-31,22:44:08,-08:00,2025-01-31T22:44:08-08:00,0,0
projects/projects.js,192,js,f5d546b4,Jesse Huang,2025-02-04,09:35:21,-08:00,2025-02-04T09:35:21-08:00,0,24
projects/projects.js,193,js,f5d546b4,Jesse Huang,2025-02-04,09:35:21,-08:00,2025-02-04T09:35:21-08:00,0,0
projects/projects.js,194,js,f5d546b4,Jesse Huang,2025-02-04,09:35:21,-08:00,2025-02-04T09:35:21-08:00,0,54
projects/projects.js,195,js,f5d546b4,Jesse Huang,2025-02-04,09:35:21,-08:00,2025-02-04T09:35:21-08:00,0,45
projects/projects.js,196,js,f5d546b4,Jesse Huang,2025-02-04,09:35:21,-08:00,2025-02-04T09:35:21-08:00,0,26
projects/projects.js,197,js,f5d546b4,Jesse Huang,2025-02-04,09:35:21,-08:00,2025-02-04T09:35:21-08:00,0,0
projects/projects.js,198,js,f5d546b4,Jesse Huang,2025-02-04,09:35:21,-08:00,2025-02-04T09:35:21-08:00,0,46
projects/projects.js,199,js,f5d546b4,Jesse Huang,2025-02-04,09:35:21,-08:00,2025-02-04T09:35:21-08:00,0,54
projects/projects.js,200,js,f5d546b4,Jesse Huang,2025-02-04,09:35:21,-08:00,2025-02-04T09:35:21-08:00,0,43
projects/projects.js,201,js,f5d546b4,Jesse Huang,2025-02-04,09:35:21,-08:00,2025-02-04T09:35:21-08:00,0,2
projects/projects.js,202,js,f5d546b4,Jesse Huang,2025-02-04,09:35:21,-08:00,2025-02-04T09:35:21-08:00,0,0
projects/projects.js,203,js,f5d546b4,Jesse Huang,2025-02-04,09:35:21,-08:00,2025-02-04T09:35:21-08:00,0,51
projects/projects.js,204,js,f5d546b4,Jesse Huang,2025-02-04,09:35:21,-08:00,2025-02-04T09:35:21-08:00,0,57
projects/projects.js,205,js,f5d546b4,Jesse Huang,2025-02-04,09:35:21,-08:00,2025-02-04T09:35:21-08:00,0,32
projects/projects.js,206,js,f5d546b4,Jesse Huang,2025-02-04,09:35:21,-08:00,2025-02-04T09:35:21-08:00,0,2
projects/index.html,1,html,9fc5cea1,Jesse Huang,2025-01-09,14:22:45,-08:00,2025-01-09T14:22:45-08:00,0,14
projects/index.html,2,html,9fc5cea1,Jesse Huang,2025-01-09,14:22:45,-08:00,2025-01-09T14:22:45-08:00,0,15
projects/index.html,3,html,9fc5cea1,Jesse Huang,2025-01-09,14:22:45,-08:00,2025-01-09T14:22:45-08:00,0,5
projects/index.html,4,html,9fc5cea1,Jesse Huang,2025-01-09,14:22:45,-08:00,2025-01-09T14:22:45-08:00,0,21
projects/index.html,5,html,9fc5cea1,Jesse Huang,2025-01-09,14:22:45,-08:00,2025-01-09T14:22:45-08:00,0,69
projects/index.html,6,html,9fc5cea1,Jesse Huang,2025-01-09,14:22:45,-08:00,2025-01-09T14:22:45-08:00,0,22
projects/index.html,7,html,9fc5cea1,Jesse Huang,2025-01-09,14:22:45,-08:00,2025-01-09T14:22:45-08:00,0,0
projects/index.html,8,html,9fc5cea1,Jesse Huang,2025-01-09,14:22:45,-08:00,2025-01-09T14:22:45-08:00,0,42
projects/index.html,9,html,9fc5cea1,Jesse Huang,2025-01-09,14:22:45,-08:00,2025-01-09T14:22:45-08:00,0,6
projects/index.html,10,html,9fc5cea1,Jesse Huang,2025-01-09,14:22:45,-08:00,2025-01-09T14:22:45-08:00,0,0
projects/index.html,11,html,9fc5cea1,Jesse Huang,2025-01-09,14:22:45,-08:00,2025-01-09T14:22:45-08:00,0,5
projects/index.html,12,html,c1ed637b,Jesse Huang,2025-01-24,09:50:11,-08:00,2025-01-24T09:50:11-08:00,0,9
projects/index.html,13,html,801584bb,Jesse Huang,2025-01-17,02:49:07,-08:00,2025-01-17T02:49:07-08:00,0,55
projects/index.html,14,html,c1ed637b,Jesse Huang,2025-01-24,09:50:11,-08:00,2025-01-24T09:50:11-08:00,0,56
projects/index.html,15,html,801584bb,Jesse Huang,2025-01-17,02:49:07,-08:00,2025-01-17T02:49:07-08:00,0,66
projects/index.html,16,html,801584bb,Jesse Huang,2025-01-17,02:49:07,-08:00,2025-01-17T02:49:07-08:00,0,86
projects/index.html,17,html,c1ed637b,Jesse Huang,2025-01-24,09:50:11,-08:00,2025-01-24T09:50:11-08:00,0,63
projects/index.html,18,html,c1ed637b,Jesse Huang,2025-01-24,09:50:11,-08:00,2025-01-24T09:50:11-08:00,0,9
projects/index.html,19,html,9fc5cea1,Jesse Huang,2025-01-09,14:22:45,-08:00,2025-01-09T14:22:45-08:00,0,0
projects/index.html,20,html,67b6c1bd,Jesse Huang,2025-01-31,22:44:08,-08:00,2025-01-31T22:44:08-08:00,0,37
projects/index.html,21,html,67b6c1bd,Jesse Huang,2025-01-31,22:44:08,-08:00,2025-01-31T22:44:08-08:00,0,0
projects/index.html,22,html,67b6c1bd,Jesse Huang,2025-01-31,22:44:08,-08:00,2025-01-31T22:44:08-08:00,0,35
projects/index.html,23,html,67b6c1bd,Jesse Huang,2025-01-31,22:44:08,-08:00,2025-01-31T22:44:08-08:00,0,69
projects/index.html,24,html,67b6c1bd,Jesse Huang,2025-01-31,22:44:08,-08:00,2025-01-31T22:44:08-08:00,0,9
projects/index.html,25,html,67b6c1bd,Jesse Huang,2025-01-31,22:44:08,-08:00,2025-01-31T22:44:08-08:00,0,0
projects/index.html,26,html,67b6c1bd,Jesse Huang,2025-01-31,22:44:08,-08:00,2025-01-31T22:44:08-08:00,0,24
projects/index.html,27,html,f5d546b4,Jesse Huang,2025-02-04,09:35:21,-08:00,2025-02-04T09:35:21-08:00,0,49
projects/index.html,28,html,67b6c1bd,Jesse Huang,2025-01-31,22:44:08,-08:00,2025-01-31T22:44:08-08:00,0,38
projects/index.html,29,html,67b6c1bd,Jesse Huang,2025-01-31,22:44:08,-08:00,2025-01-31T22:44:08-08:00,0,5
projects/index.html,30,html,67b6c1bd,Jesse Huang,2025-01-31,22:44:08,-08:00,2025-01-31T22:44:08-08:00,0,5
projects/index.html,31,html,67b6c1bd,Jesse Huang,2025-01-31,22:44:08,-08:00,2025-01-31T22:44:08-08:00,0,0
projects/index.html,32,html,67b6c1bd,Jesse Huang,2025-01-31,22:44:08,-08:00,2025-01-31T22:44:08-08:00,0,23
projects/index.html,33,html,67b6c1bd,Jesse Huang,2025-01-31,22:44:08,-08:00,2025-01-31T22:44:08-08:00,0,0
projects/index.html,34,html,f5d546b4,Jesse Huang,2025-02-04,09:35:21,-08:00,2025-02-04T09:35:21-08:00,0,102
projects/index.html,35,html,801584bb,Jesse Huang,2025-01-17,02:49:07,-08:00,2025-01-17T02:49:07-08:00,0,0
projects/index.html,36,html,801584bb,Jesse Huang,2025-01-17,02:49:07,-08:00,2025-01-17T02:49:07-08:00,0,21
projects/index.html,37,html,67b6c1bd,Jesse Huang,2025-01-31,22:44:08,-08:00,2025-01-31T22:44:08-08:00,0,13
projects/index.html,38,html,801584bb,Jesse Huang,2025-01-17,02:49:07,-08:00,2025-01-17T02:49:07-08:00,0,30
projects/index.html,39,html,801584bb,Jesse Huang,2025-01-17,02:49:07,-08:00,2025-01-17T02:49:07-08:00,0,71
projects/index.html,40,html,801584bb,Jesse Huang,2025-01-17,02:49:07,-08:00,2025-01-17T02:49:07-08:00,0,238
projects/index.html,41,html,801584bb,Jesse Huang,2025-01-17,02:49:07,-08:00,2025-01-17T02:49:07-08:00,0,9
projects/index.html,42,html,801584bb,Jesse Huang,2025-01-17,02:49:07,-08:00,2025-01-17T02:49:07-08:00,0,8
projects/index.html,43,html,801584bb,Jesse Huang,2025-01-17,02:49:07,-08:00,2025-01-17T02:49:07-08:00,0,34
projects/index.html,44,html,801584bb,Jesse Huang,2025-01-17,02:49:07,-08:00,2025-01-17T02:49:07-08:00,0,71
projects/index.html,45,html,801584bb,Jesse Huang,2025-01-17,02:49:07,-08:00,2025-01-17T02:49:07-08:00,0,233
projects/index.html,46,html,801584bb,Jesse Huang,2025-01-17,02:49:07,-08:00,2025-01-17T02:49:07-08:00,0,9
projects/index.html,47,html,801584bb,Jesse Huang,2025-01-17,02:49:07,-08:00,2025-01-17T02:49:07-08:00,0,8
projects/index.html,48,html,801584bb,Jesse Huang,2025-01-17,02:49:07,-08:00,2025-01-17T02:49:07-08:00,0,46
projects/index.html,49,html,801584bb,Jesse Huang,2025-01-17,02:49:07,-08:00,2025-01-17T02:49:07-08:00,0,71
projects/index.html,50,html,801584bb,Jesse Huang,2025-01-17,02:49:07,-08:00,2025-01-17T02:49:07-08:00,0,233
projects/index.html,51,html,801584bb,Jesse Huang,2025-01-17,02:49:07,-08:00,2025-01-17T02:49:07-08:00,0,9
projects/index.html,52,html,801584bb,Jesse Huang,2025-01-17,02:49:07,-08:00,2025-01-17T02:49:07-08:00,0,8
projects/index.html,53,html,801584bb,Jesse Huang,2025-01-17,02:49:07,-08:00,2025-01-17T02:49:07-08:00,0,32
projects/index.html,54,html,67b6c1bd,Jesse Huang,2025-01-31,22:44:08,-08:00,2025-01-31T22:44:08-08:00,0,72
projects/index.html,55,html,801584bb,Jesse Huang,2025-01-17,02:49:07,-08:00,2025-01-17T02:49:07-08:00,0,251
projects/index.html,56,html,801584bb,Jesse Huang,2025-01-17,02:49:07,-08:00,2025-01-17T02:49:07-08:00,0,9
projects/index.html,57,html,801584bb,Jesse Huang,2025-01-17,02:49:07,-08:00,2025-01-17T02:49:07-08:00,0,8
projects/index.html,58,html,801584bb,Jesse Huang,2025-01-17,02:49:07,-08:00,2025-01-17T02:49:07-08:00,0,40
projects/index.html,59,html,801584bb,Jesse Huang,2025-01-17,02:49:07,-08:00,2025-01-17T02:49:07-08:00,0,71
projects/index.html,60,html,801584bb,Jesse Huang,2025-01-17,02:49:07,-08:00,2025-01-17T02:49:07-08:00,0,216
projects/index.html,61,html,801584bb,Jesse Huang,2025-01-17,02:49:07,-08:00,2025-01-17T02:49:07-08:00,0,9
projects/index.html,62,html,801584bb,Jesse Huang,2025-01-17,02:49:07,-08:00,2025-01-17T02:49:07-08:00,0,8
projects/index.html,63,html,801584bb,Jesse Huang,2025-01-17,02:49:07,-08:00,2025-01-17T02:49:07-08:00,0,34
projects/index.html,64,html,801584bb,Jesse Huang,2025-01-17,02:49:07,-08:00,2025-01-17T02:49:07-08:00,0,71
projects/index.html,65,html,801584bb,Jesse Huang,2025-01-17,02:49:07,-08:00,2025-01-17T02:49:07-08:00,0,240
projects/index.html,66,html,801584bb,Jesse Huang,2025-01-17,02:49:07,-08:00,2025-01-17T02:49:07-08:00,0,9
projects/index.html,67,html,801584bb,Jesse Huang,2025-01-17,02:49:07,-08:00,2025-01-17T02:49:07-08:00,0,8
projects/index.html,68,html,801584bb,Jesse Huang,2025-01-17,02:49:07,-08:00,2025-01-17T02:49:07-08:00,0,45
projects/index.html,69,html,801584bb,Jesse Huang,2025-01-17,02:49:07,-08:00,2025-01-17T02:49:07-08:00,0,71
projects/index.html,70,html,801584bb,Jesse Huang,2025-01-17,02:49:07,-08:00,2025-01-17T02:49:07-08:00,0,237
projects/index.html,71,html,801584bb,Jesse Huang,2025-01-17,02:49:07,-08:00,2025-01-17T02:49:07-08:00,0,9
projects/index.html,72,html,801584bb,Jesse Huang,2025-01-17,02:49:07,-08:00,2025-01-17T02:49:07-08:00,0,8
projects/index.html,73,html,801584bb,Jesse Huang,2025-01-17,02:49:07,-08:00,2025-01-17T02:49:07-08:00,0,37
projects/index.html,74,html,801584bb,Jesse Huang,2025-01-17,02:49:07,-08:00,2025-01-17T02:49:07-08:00,0,71
projects/index.html,75,html,801584bb,Jesse Huang,2025-01-17,02:49:07,-08:00,2025-01-17T02:49:07-08:00,0,243
projects/index.html,76,html,801584bb,Jesse Huang,2025-01-17,02:49:07,-08:00,2025-01-17T02:49:07-08:00,0,9
projects/index.html,77,html,801584bb,Jesse Huang,2025-01-17,02:49:07,-08:00,2025-01-17T02:49:07-08:00,0,8
projects/index.html,78,html,801584bb,Jesse Huang,2025-01-17,02:49:07,-08:00,2025-01-17T02:49:07-08:00,0,38
projects/index.html,79,html,801584bb,Jesse Huang,2025-01-17,02:49:07,-08:00,2025-01-17T02:49:07-08:00,0,71
projects/index.html,80,html,801584bb,Jesse Huang,2025-01-17,02:49:07,-08:00,2025-01-17T02:49:07-08:00,0,234
projects/index.html,81,html,801584bb,Jesse Huang,2025-01-17,02:49:07,-08:00,2025-01-17T02:49:07-08:00,0,9
projects/index.html,82,html,801584bb,Jesse Huang,2025-01-17,02:49:07,-08:00,2025-01-17T02:49:07-08:00,0,8
projects/index.html,83,html,801584bb,Jesse Huang,2025-01-17,02:49:07,-08:00,2025-01-17T02:49:07-08:00,0,31
projects/index.html,84,html,801584bb,Jesse Huang,2025-01-17,02:49:07,-08:00,2025-01-17T02:49:07-08:00,0,71
projects/index.html,85,html,801584bb,Jesse Huang,2025-01-17,02:49:07,-08:00,2025-01-17T02:49:07-08:00,0,229
projects/index.html,86,html,801584bb,Jesse Huang,2025-01-17,02:49:07,-08:00,2025-01-17T02:49:07-08:00,0,9
projects/index.html,87,html,801584bb,Jesse Huang,2025-01-17,02:49:07,-08:00,2025-01-17T02:49:07-08:00,0,8
projects/index.html,88,html,801584bb,Jesse Huang,2025-01-17,02:49:07,-08:00,2025-01-17T02:49:07-08:00,0,37
projects/index.html,89,html,801584bb,Jesse Huang,2025-01-17,02:49:07,-08:00,2025-01-17T02:49:07-08:00,0,71
projects/index.html,90,html,801584bb,Jesse Huang,2025-01-17,02:49:07,-08:00,2025-01-17T02:49:07-08:00,0,234
projects/index.html,91,html,801584bb,Jesse Huang,2025-01-17,02:49:07,-08:00,2025-01-17T02:49:07-08:00,0,9
projects/index.html,92,html,801584bb,Jesse Huang,2025-01-17,02:49:07,-08:00,2025-01-17T02:49:07-08:00,0,8
projects/index.html,93,html,801584bb,Jesse Huang,2025-01-17,02:49:07,-08:00,2025-01-17T02:49:07-08:00,0,40
projects/index.html,94,html,801584bb,Jesse Huang,2025-01-17,02:49:07,-08:00,2025-01-17T02:49:07-08:00,0,71
projects/index.html,95,html,801584bb,Jesse Huang,2025-01-17,02:49:07,-08:00,2025-01-17T02:49:07-08:00,0,209
projects/index.html,96,html,67b6c1bd,Jesse Huang,2025-01-31,22:44:08,-08:00,2025-01-31T22:44:08-08:00,0,13
projects/index.html,97,html,801584bb,Jesse Huang,2025-01-17,02:49:07,-08:00,2025-01-17T02:49:07-08:00,0,5
projects/index.html,98,html,9fc5cea1,Jesse Huang,2025-01-09,14:22:45,-08:00,2025-01-09T14:22:45-08:00,0,0
projects/index.html,99,html,c1ed637b,Jesse Huang,2025-01-24,09:50:11,-08:00,2025-01-24T09:50:11-08:00,0,0
projects/index.html,100,html,c1ed637b,Jesse Huang,2025-01-24,09:50:11,-08:00,2025-01-24T09:50:11-08:00,0,25
projects/index.html,101,html,c1ed637b,Jesse Huang,2025-01-24,09:50:11,-08:00,2025-01-24T09:50:11-08:00,0,49
projects/index.html,102,html,67b6c1bd,Jesse Huang,2025-01-31,22:44:08,-08:00,2025-01-31T22:44:08-08:00,0,48
projects/index.html,103,html,67b6c1bd,Jesse Huang,2025-01-31,22:44:08,-08:00,2025-01-31T22:44:08-08:00,0,48
projects/index.html,104,html,9fc5cea1,Jesse Huang,2025-01-09,14:22:45,-08:00,2025-01-09T14:22:45-08:00,0,6
projects/index.html,105,html,9fc5cea1,Jesse Huang,2025-01-09,14:22:45,-08:00,2025-01-09T14:22:45-08:00,0,6
cv_resume/index.html,1,html,9fc5cea1,Jesse Huang,2025-01-09,14:22:45,-08:00,2025-01-09T14:22:45-08:00,0,14
cv_resume/index.html,2,html,9fc5cea1,Jesse Huang,2025-01-09,14:22:45,-08:00,2025-01-09T14:22:45-08:00,0,15
cv_resume/index.html,3,html,9fc5cea1,Jesse Huang,2025-01-09,14:22:45,-08:00,2025-01-09T14:22:45-08:00,0,5
cv_resume/index.html,4,html,9fc5cea1,Jesse Huang,2025-01-09,14:22:45,-08:00,2025-01-09T14:22:45-08:00,0,21
cv_resume/index.html,5,html,9fc5cea1,Jesse Huang,2025-01-09,14:22:45,-08:00,2025-01-09T14:22:45-08:00,0,69
cv_resume/index.html,6,html,c1ed637b,Jesse Huang,2025-01-24,09:50:11,-08:00,2025-01-24T09:50:11-08:00,0,16
cv_resume/index.html,7,html,9fc5cea1,Jesse Huang,2025-01-09,14:22:45,-08:00,2025-01-09T14:22:45-08:00,0,0
cv_resume/index.html,8,html,9fc5cea1,Jesse Huang,2025-01-09,14:22:45,-08:00,2025-01-09T14:22:45-08:00,0,42
cv_resume/index.html,9,html,9fc5cea1,Jesse Huang,2025-01-09,14:22:45,-08:00,2025-01-09T14:22:45-08:00,0,6
cv_resume/index.html,10,html,9fc5cea1,Jesse Huang,2025-01-09,14:22:45,-08:00,2025-01-09T14:22:45-08:00,0,0
cv_resume/index.html,11,html,9fc5cea1,Jesse Huang,2025-01-09,14:22:45,-08:00,2025-01-09T14:22:45-08:00,0,5
cv_resume/index.html,12,html,c1ed637b,Jesse Huang,2025-01-24,09:50:11,-08:00,2025-01-24T09:50:11-08:00,0,9
cv_resume/index.html,13,html,801584bb,Jesse Huang,2025-01-17,02:49:07,-08:00,2025-01-17T02:49:07-08:00,0,55
cv_resume/index.html,14,html,801584bb,Jesse Huang,2025-01-17,02:49:07,-08:00,2025-01-17T02:49:07-08:00,0,68
cv_resume/index.html,15,html,801584bb,Jesse Huang,2025-01-17,02:49:07,-08:00,2025-01-17T02:49:07-08:00,0,66
cv_resume/index.html,16,html,801584bb,Jesse Huang,2025-01-17,02:49:07,-08:00,2025-01-17T02:49:07-08:00,0,86
cv_resume/index.html,17,html,c1ed637b,Jesse Huang,2025-01-24,09:50:11,-08:00,2025-01-24T09:50:11-08:00,0,50
cv_resume/index.html,18,html,c1ed637b,Jesse Huang,2025-01-24,09:50:11,-08:00,2025-01-24T09:50:11-08:00,0,9
cv_resume/index.html,19,html,9fc5cea1,Jesse Huang,2025-01-09,14:22:45,-08:00,2025-01-09T14:22:45-08:00,0,0
cv_resume/index.html,20,html,c1ed637b,Jesse Huang,2025-01-24,09:50:11,-08:00,2025-01-24T09:50:11-08:00,0,24
cv_resume/index.html,21,html,9fc5cea1,Jesse Huang,2025-01-09,14:22:45,-08:00,2025-01-09T14:22:45-08:00,0,0
cv_resume/index.html,22,html,9fc5cea1,Jesse Huang,2025-01-09,14:22:45,-08:00,2025-01-09T14:22:45-08:00,0,3
cv_resume/index.html,23,html,9fc5cea1,Jesse Huang,2025-01-09,14:22:45,-08:00,2025-01-09T14:22:45-08:00,0,0
cv_resume/index.html,24,html,801584bb,Jesse Huang,2025-01-17,02:49:07,-08:00,2025-01-17T02:49:07-08:00,0,25
cv_resume/index.html,25,html,9fc5cea1,Jesse Huang,2025-01-09,14:22:45,-08:00,2025-01-09T14:22:45-08:00,0,19
cv_resume/index.html,26,html,9fc5cea1,Jesse Huang,2025-01-09,14:22:45,-08:00,2025-01-09T14:22:45-08:00,0,209
cv_resume/index.html,27,html,9fc5cea1,Jesse Huang,2025-01-09,14:22:45,-08:00,2025-01-09T14:22:45-08:00,0,8
cv_resume/index.html,28,html,9fc5cea1,Jesse Huang,2025-01-09,14:22:45,-08:00,2025-01-09T14:22:45-08:00,0,0
cv_resume/index.html,29,html,9fc5cea1,Jesse Huang,2025-01-09,14:22:45,-08:00,2025-01-09T14:22:45-08:00,0,8
cv_resume/index.html,30,html,9fc5cea1,Jesse Huang,2025-01-09,14:22:45,-08:00,2025-01-09T14:22:45-08:00,0,7
cv_resume/index.html,31,html,9fc5cea1,Jesse Huang,2025-01-09,14:22:45,-08:00,2025-01-09T14:22:45-08:00,0,17
cv_resume/index.html,32,html,9fc5cea1,Jesse Huang,2025-01-09,14:22:45,-08:00,2025-01-09T14:22:45-08:00,0,8
cv_resume/index.html,33,html,9fc5cea1,Jesse Huang,2025-01-09,14:22:45,-08:00,2025-01-09T14:22:45-08:00,0,0
cv_resume/index.html,34,html,9fc5cea1,Jesse Huang,2025-01-09,14:22:45,-08:00,2025-01-09T14:22:45-08:00,0,79
cv_resume/index.html,35,html,9fc5cea1,Jesse Huang,2025-01-09,14:22:45,-08:00,2025-01-09T14:22:45-08:00,0,100
cv_resume/index.html,36,html,9fc5cea1,Jesse Huang,2025-01-09,14:22:45,-08:00,2025-01-09T14:22:45-08:00,0,21
cv_resume/index.html,37,html,9fc5cea1,Jesse Huang,2025-01-09,14:22:45,-08:00,2025-01-09T14:22:45-08:00,0,26
cv_resume/index.html,38,html,9fc5cea1,Jesse Huang,2025-01-09,14:22:45,-08:00,2025-01-09T14:22:45-08:00,0,22
cv_resume/index.html,39,html,9fc5cea1,Jesse Huang,2025-01-09,14:22:45,-08:00,2025-01-09T14:22:45-08:00,0,18
cv_resume/index.html,40,html,9fc5cea1,Jesse Huang,2025-01-09,14:22:45,-08:00,2025-01-09T14:22:45-08:00,0,9
cv_resume/index.html,41,html,9fc5cea1,Jesse Huang,2025-01-09,14:22:45,-08:00,2025-01-09T14:22:45-08:00,0,0
cv_resume/index.html,42,html,9fc5cea1,Jesse Huang,2025-01-09,14:22:45,-08:00,2025-01-09T14:22:45-08:00,0,8
cv_resume/index.html,43,html,9fc5cea1,Jesse Huang,2025-01-09,14:22:45,-08:00,2025-01-09T14:22:45-08:00,0,7
cv_resume/index.html,44,html,9fc5cea1,Jesse Huang,2025-01-09,14:22:45,-08:00,2025-01-09T14:22:45-08:00,0,31
cv_resume/index.html,45,html,9fc5cea1,Jesse Huang,2025-01-09,14:22:45,-08:00,2025-01-09T14:22:45-08:00,0,8
cv_resume/index.html,46,html,9fc5cea1,Jesse Huang,2025-01-09,14:22:45,-08:00,2025-01-09T14:22:45-08:00,0,0
cv_resume/index.html,47,html,9fc5cea1,Jesse Huang,2025-01-09,14:22:45,-08:00,2025-01-09T14:22:45-08:00,0,8
cv_resume/index.html,48,html,9fc5cea1,Jesse Huang,2025-01-09,14:22:45,-08:00,2025-01-09T14:22:45-08:00,0,144
cv_resume/index.html,49,html,9fc5cea1,Jesse Huang,2025-01-09,14:22:45,-08:00,2025-01-09T14:22:45-08:00,0,23
cv_resume/index.html,50,html,9fc5cea1,Jesse Huang,2025-01-09,14:22:45,-08:00,2025-01-09T14:22:45-08:00,0,0
cv_resume/index.html,51,html,9fc5cea1,Jesse Huang,2025-01-09,14:22:45,-08:00,2025-01-09T14:22:45-08:00,0,3
cv_resume/index.html,52,html,9fc5cea1,Jesse Huang,2025-01-09,14:22:45,-08:00,2025-01-09T14:22:45-08:00,0,64
cv_resume/index.html,53,html,9fc5cea1,Jesse Huang,2025-01-09,14:22:45,-08:00,2025-01-09T14:22:45-08:00,0,64
cv_resume/index.html,54,html,9fc5cea1,Jesse Huang,2025-01-09,14:22:45,-08:00,2025-01-09T14:22:45-08:00,0,77
cv_resume/index.html,55,html,9fc5cea1,Jesse Huang,2025-01-09,14:22:45,-08:00,2025-01-09T14:22:45-08:00,0,72
cv_resume/index.html,56,html,9fc5cea1,Jesse Huang,2025-01-09,14:22:45,-08:00,2025-01-09T14:22:45-08:00,0,75
cv_resume/index.html,57,html,9fc5cea1,Jesse Huang,2025-01-09,14:22:45,-08:00,2025-01-09T14:22:45-08:00,0,65
cv_resume/index.html,58,html,9fc5cea1,Jesse Huang,2025-01-09,14:22:45,-08:00,2025-01-09T14:22:45-08:00,0,4
cv_resume/index.html,59,html,9fc5cea1,Jesse Huang,2025-01-09,14:22:45,-08:00,2025-01-09T14:22:45-08:00,0,9
cv_resume/index.html,60,html,9fc5cea1,Jesse Huang,2025-01-09,14:22:45,-08:00,2025-01-09T14:22:45-08:00,0,0
cv_resume/index.html,61,html,9fc5cea1,Jesse Huang,2025-01-09,14:22:45,-08:00,2025-01-09T14:22:45-08:00,0,8
cv_resume/index.html,62,html,9fc5cea1,Jesse Huang,2025-01-09,14:22:45,-08:00,2025-01-09T14:22:45-08:00,0,202
cv_resume/index.html,63,html,9fc5cea1,Jesse Huang,2025-01-09,14:22:45,-08:00,2025-01-09T14:22:45-08:00,0,18
cv_resume/index.html,64,html,9fc5cea1,Jesse Huang,2025-01-09,14:22:45,-08:00,2025-01-09T14:22:45-08:00,0,0
cv_resume/index.html,65,html,9fc5cea1,Jesse Huang,2025-01-09,14:22:45,-08:00,2025-01-09T14:22:45-08:00,0,3
cv_resume/index.html,66,html,9fc5cea1,Jesse Huang,2025-01-09,14:22:45,-08:00,2025-01-09T14:22:45-08:00,0,98
cv_resume/index.html,67,html,9fc5cea1,Jesse Huang,2025-01-09,14:22:45,-08:00,2025-01-09T14:22:45-08:00,0,80
cv_resume/index.html,68,html,9fc5cea1,Jesse Huang,2025-01-09,14:22:45,-08:00,2025-01-09T14:22:45-08:00,0,106
cv_resume/index.html,69,html,9fc5cea1,Jesse Huang,2025-01-09,14:22:45,-08:00,2025-01-09T14:22:45-08:00,0,4
cv_resume/index.html,70,html,9fc5cea1,Jesse Huang,2025-01-09,14:22:45,-08:00,2025-01-09T14:22:45-08:00,0,9
cv_resume/index.html,71,html,9fc5cea1,Jesse Huang,2025-01-09,14:22:45,-08:00,2025-01-09T14:22:45-08:00,0,9
cv_resume/index.html,72,html,9fc5cea1,Jesse Huang,2025-01-09,14:22:45,-08:00,2025-01-09T14:22:45-08:00,0,0
cv_resume/index.html,73,html,c1ed637b,Jesse Huang,2025-01-24,09:50:11,-08:00,2025-01-24T09:50:11-08:00,0,25
cv_resume/index.html,74,html,c1ed637b,Jesse Huang,2025-01-24,09:50:11,-08:00,2025-01-24T09:50:11-08:00,0,49
cv_resume/index.html,75,html,9fc5cea1,Jesse Huang,2025-01-09,14:22:45,-08:00,2025-01-09T14:22:45-08:00,0,6
cv_resume/index.html,76,html,9fc5cea1,Jesse Huang,2025-01-09,14:22:45,-08:00,2025-01-09T14:22:45-08:00,0,6
contact/index.html,1,html,9fc5cea1,Jesse Huang,2025-01-09,14:22:45,-08:00,2025-01-09T14:22:45-08:00,0,14
contact/index.html,2,html,9fc5cea1,Jesse Huang,2025-01-09,14:22:45,-08:00,2025-01-09T14:22:45-08:00,0,15
contact/index.html,3,html,9fc5cea1,Jesse Huang,2025-01-09,14:22:45,-08:00,2025-01-09T14:22:45-08:00,0,5
contact/index.html,4,html,9fc5cea1,Jesse Huang,2025-01-09,14:22:45,-08:00,2025-01-09T14:22:45-08:00,0,21
contact/index.html,5,html,9fc5cea1,Jesse Huang,2025-01-09,14:22:45,-08:00,2025-01-09T14:22:45-08:00,0,69
contact/index.html,6,html,801584bb,Jesse Huang,2025-01-17,02:49:07,-08:00,2025-01-17T02:49:07-08:00,0,24
contact/index.html,7,html,9fc5cea1,Jesse Huang,2025-01-09,14:22:45,-08:00,2025-01-09T14:22:45-08:00,0,0
contact/index.html,8,html,9fc5cea1,Jesse Huang,2025-01-09,14:22:45,-08:00,2025-01-09T14:22:45-08:00,0,42
contact/index.html,9,html,9fc5cea1,Jesse Huang,2025-01-09,14:22:45,-08:00,2025-01-09T14:22:45-08:00,0,6
contact/index.html,10,html,9fc5cea1,Jesse Huang,2025-01-09,14:22:45,-08:00,2025-01-09T14:22:45-08:00,0,0
contact/index.html,11,html,9fc5cea1,Jesse Huang,2025-01-09,14:22:45,-08:00,2025-01-09T14:22:45-08:00,0,5
contact/index.html,12,html,c1ed637b,Jesse Huang,2025-01-24,09:50:11,-08:00,2025-01-24T09:50:11-08:00,0,9
contact/index.html,13,html,801584bb,Jesse Huang,2025-01-17,02:49:07,-08:00,2025-01-17T02:49:07-08:00,0,55
contact/index.html,14,html,801584bb,Jesse Huang,2025-01-17,02:49:07,-08:00,2025-01-17T02:49:07-08:00,0,68
contact/index.html,15,html,c1ed637b,Jesse Huang,2025-01-24,09:50:11,-08:00,2025-01-24T09:50:11-08:00,0,55
contact/index.html,16,html,801584bb,Jesse Huang,2025-01-17,02:49:07,-08:00,2025-01-17T02:49:07-08:00,0,86
contact/index.html,17,html,c1ed637b,Jesse Huang,2025-01-24,09:50:11,-08:00,2025-01-24T09:50:11-08:00,0,63
contact/index.html,18,html,c1ed637b,Jesse Huang,2025-01-24,09:50:11,-08:00,2025-01-24T09:50:11-08:00,0,9
contact/index.html,19,html,9fc5cea1,Jesse Huang,2025-01-09,14:22:45,-08:00,2025-01-09T14:22:45-08:00,0,0
contact/index.html,20,html,801584bb,Jesse Huang,2025-01-17,02:49:07,-08:00,2025-01-17T02:49:07-08:00,0,32
contact/index.html,21,html,9fc5cea1,Jesse Huang,2025-01-09,14:22:45,-08:00,2025-01-09T14:22:45-08:00,0,0
contact/index.html,22,html,c1ed637b,Jesse Huang,2025-01-24,09:50:11,-08:00,2025-01-24T09:50:11-08:00,0,66
contact/index.html,23,html,801584bb,Jesse Huang,2025-01-17,02:49:07,-08:00,2025-01-17T02:49:07-08:00,0,0
contact/index.html,24,html,801584bb,Jesse Huang,2025-01-17,02:49:07,-08:00,2025-01-17T02:49:07-08:00,0,14
contact/index.html,25,html,801584bb,Jesse Huang,2025-01-17,02:49:07,-08:00,2025-01-17T02:49:07-08:00,0,33
contact/index.html,26,html,801584bb,Jesse Huang,2025-01-17,02:49:07,-08:00,2025-01-17T02:49:07-08:00,0,7
contact/index.html,27,html,801584bb,Jesse Huang,2025-01-17,02:49:07,-08:00,2025-01-17T02:49:07-08:00,0,0
contact/index.html,28,html,801584bb,Jesse Huang,2025-01-17,02:49:07,-08:00,2025-01-17T02:49:07-08:00,0,14
contact/index.html,29,html,801584bb,Jesse Huang,2025-01-17,02:49:07,-08:00,2025-01-17T02:49:07-08:00,0,32
contact/index.html,30,html,801584bb,Jesse Huang,2025-01-17,02:49:07,-08:00,2025-01-17T02:49:07-08:00,0,7
contact/index.html,31,html,801584bb,Jesse Huang,2025-01-17,02:49:07,-08:00,2025-01-17T02:49:07-08:00,0,0
contact/index.html,32,html,801584bb,Jesse Huang,2025-01-17,02:49:07,-08:00,2025-01-17T02:49:07-08:00,0,34
contact/index.html,33,html,9fc5cea1,Jesse Huang,2025-01-09,14:22:45,-08:00,2025-01-09T14:22:45-08:00,0,6
contact/index.html,34,html,9fc5cea1,Jesse Huang,2025-01-09,14:22:45,-08:00,2025-01-09T14:22:45-08:00,0,0
contact/index.html,35,html,c1ed637b,Jesse Huang,2025-01-24,09:50:11,-08:00,2025-01-24T09:50:11-08:00,0,0
contact/index.html,36,html,c1ed637b,Jesse Huang,2025-01-24,09:50:11,-08:00,2025-01-24T09:50:11-08:00,0,25
contact/index.html,37,html,c1ed637b,Jesse Huang,2025-01-24,09:50:11,-08:00,2025-01-24T09:50:11-08:00,0,49
contact/index.html,38,html,9fc5cea1,Jesse Huang,2025-01-09,14:22:45,-08:00,2025-01-09T14:22:45-08:00,0,6
contact/index.html,39,html,9fc5cea1,Jesse Huang,2025-01-09,14:22:45,-08:00,2025-01-09T14:22:45-08:00,0,6
